site_id,latitude,longitude,pop,priority_category,priority_weight
I_00000,16.469889432226047,107.6111795724468,65236.09017634392,residential,9.7
I_00001,16.48533983977022,107.54599222420946,34052.38042283058,residential,3.7
I_00002,16.529765333187566,107.69165778683875,33045.87396931648,normal,1.0
I_00003,16.53960126435078,107.43032109248493,20576.637156009674,residential,3.7
I_00004,16.657688875659442,107.37551596359314,11288.040466547012,residential,2.2
I_00005,16.645617437157597,107.49576547801384,9470.643121480942,residential,2.2
I_00006,16.56066475960682,107.59891988308323,9215.485582351685,residential,2.2
I_00007,16.27183810600996,107.87096507553453,8662.917809009552,hospitals,6.0
I_00008,16.456921674044345,107.71893090618133,6306.424601316452,residential,3.7
I_00009,16.232083822284512,108.08149958513714,5763.271521091461,hospitals,6.0
I_00010,16.238492063059482,107.25608456526136,5406.160345077515,residential,2.2
I_00011,16.16523739177151,107.71973687307316,3869.230912208557,residential,5.2
I_00012,16.583115409904256,107.52521710386738,3420.8310487270355,residential,2.2
I_00013,16.345848459610103,107.90951034261481,2914.330999135971,residential,5.7
I_00014,16.280066381535658,107.97863173096836,2395.595752477646,residential,2.2
I_00015,16.598677522053507,107.48926664939569,1855.169648885727,residential,2.2
I_00016,16.42143046566511,107.82406416401905,1436.9727098941803,normal,1.0
I_00017,16.509263178222366,107.58075739668554,1393.3424139022827,residential,2.2
I_00018,16.37674059520685,107.85592205119069,1382.6047401428223,normal,1.0
I_00019,16.280349199836568,107.21049303720451,1274.7457172870636,residential,2.2
I_00020,16.513750280191903,107.64195872597539,1134.2448468208313,residential,2.2
I_00021,16.398312299774986,107.71785141323114,1123.3996567726135,residential,2.2
I_00022,16.52767174935517,107.36333218388002,1096.093814611435,residential,3.7
I_00023,16.119547649096653,107.33719087963671,686.1994910240173,residential,4.2
I_00024,16.390891054368893,107.48131420955187,533.1268656253815,normal,1.0
I_00025,16.591201259899098,107.58203316339731,529.9588027000427,normal,1.0
I_00026,16.450469120624366,107.65398322438405,493.76287508010864,normal,1.0
I_00027,16.08533572946637,107.36472446029717,462.74541187286377,residential,2.2
I_00028,16.372849615330964,107.04854614910313,414.8241333961487,residential,2.2
I_00029,16.31404194278061,108.012248847951,406.1114082336426,residential,3.7
I_00030,16.36936447646778,107.11662165855105,296.4000804424286,residential,2.2
I_00031,16.32529352852629,107.17612539450538,287.4819939136505,residential,2.2
I_00032,16.33104206678742,107.62383813521893,252.58027386665344,normal,1.0
I_00033,16.113889211157204,107.3956238504175,247.6283438205719,residential,2.2
I_00034,16.516480191039165,107.28877758647707,246.63285160064697,residential,2.2
I_00035,16.597083606256497,107.38347107268832,236.7114372253418,residential,3.7
I_00036,16.295178948126473,107.34621908871037,228.9192337989807,residential,2.2
I_00037,16.269541953058027,108.0289571812175,204.50469851493835,normal,1.0
I_00038,16.332361396619177,107.95558218151102,164.58800196647644,normal,1.0
I_00039,16.308906535883864,107.3881238504475,147.7304401397705,residential,2.2
I_00040,16.268686182636085,107.78124884887497,91.63470506668091,normal,1.0
I_00041,16.222916961706275,108.0432131335414,88.75262761116028,normal,1.0
I_00042,16.556488486597747,107.32047504119431,85.16247415542603,residential,2.2
I_00043,16.351083646880976,107.44608218354901,82.31854915618896,normal,1.0
I_00044,16.396771106393267,107.59249884963,76.05724382400513,normal,1.0
I_00045,16.39458360464648,107.74395718235749,71.65110802650452,normal,1.0
I_00046,16.36875037573157,107.67374884930501,68.28166341781616,normal,1.0
I_00047,16.60583362324196,107.44874885020499,65.7160587310791,residential,2.2
I_00048,16.142750282234093,107.757915515635,62.947752952575684,residential,2.2
I_00049,16.72208363011789,107.40674885037299,59.64088320732117,residential,2.2
I_00050,16.343125314054173,107.15624885137498,54.494972229003906,residential,2.2
I_00051,16.378631238860557,107.59315361153216,54.06517171859741,normal,1.0
I_00052,16.518055838911714,107.38444329490667,53.74020791053772,residential,2.2
I_00053,16.303958625277545,108.0322905145375,53.08459544181824,normal,1.0
I_00054,16.109861399980062,107.65124884939496,47.44546055793762,normal,1.0
I_00055,16.35925031581944,107.764915515607,47.40964317321777,normal,1.0
I_00056,16.247916941796014,107.68985996035167,44.96627855300903,normal,1.0
I_00057,16.377916938342352,107.460415516825,42.7629132270813,normal,1.0
I_00058,16.2494169428972,107.207082184505,42.019001960754395,residential,2.2
I_00059,16.397083604933826,107.0743044072583,39.00621223449707,residential,2.2
I_00060,16.247916938852406,107.30819329521168,38.88090991973877,normal,1.0
I_00061,16.229861460195504,107.20555440673334,38.56669473648071,residential,2.2
I_00062,16.57979193758792,107.32624885069498,28.6304669380188,residential,2.2
I_00063,16.086805828761815,107.38513773934831,27.00620746612549,residential,2.2
I_00064,16.33250027111395,108.0202071812525,26.062355041503906,industrial,2.5
I_00065,16.330139162330305,107.41319329479165,25.269691705703735,residential,2.2
I_00066,16.308541979434235,107.7493738490025,25.22607398033142,industrial,2.5
I_00067,16.734028048461234,107.39541551708498,19.438735485076904,residential,2.2
I_00068,16.423750273877584,107.4640266279217,18.48619246482849,normal,1.0
I_00069,16.33986139162186,107.54291551649501,17.445181131362915,normal,1.0
I_00070,16.32458361941739,107.69430440477832,10.075376987457275,normal,1.0
I_00071,16.5268043033585,107.36334579949438,1295.2715039571647,residential,3.7
I_00072,16.245661150464915,107.6902909700438,28.756173397702945,normal,1.0
I_00073,16.607092804563468,107.45055393955545,50.504760240340325,residential,2.2
I_00074,16.30827605936004,107.74993072372486,21.942528275257686,industrial,2.5
I_00075,16.23756429476039,107.25618612768487,6267.345640013719,residential,2.2
I_00076,16.555788885789042,107.32026566558099,70.88708923450555,residential,2.2
I_00077,16.39711245065261,107.59500411487547,77.32931525361835,normal,1.0
I_00078,16.31394594211887,108.01205078818778,443.28617487734147,residential,3.7
I_00079,16.45819443158098,107.71735186607019,4362.35740119798,residential,3.7
I_00080,16.423366092211875,107.46326449447318,16.797108096308715,normal,1.0
I_00081,16.53111807308222,107.6920720044237,32839.13686514367,normal,1.0
I_00082,16.367943126522462,107.11837395046018,262.1021632073489,residential,2.2
I_00083,16.249063304927706,107.30790691254151,28.69412207806335,normal,1.0
I_00084,16.657907593925582,107.37534914885245,12590.994119348657,residential,2.2
I_00085,16.232325017127636,107.20544550023818,29.501400401203025,residential,2.2
I_00086,16.55718219271028,107.32205953556947,67.69517940416794,residential,2.2
I_00087,16.230407533367313,107.20508870389867,32.865540538025556,residential,2.2
I_00088,16.51907780168839,107.3846545043059,60.090892521779104,residential,2.2
I_00089,16.720853600041973,107.40620598277825,63.52276793864723,residential,2.2
I_00090,16.084007930792886,107.3644359273965,528.7584536470015,residential,2.2
I_00091,16.513799478129705,107.64176577198577,1130.8478248257304,residential,2.2
I_00092,16.51694351144205,107.38327553749076,43.190808894132886,residential,2.2
I_00093,16.279948941695626,107.21065623122917,1475.4796852450245,residential,2.2
I_00094,16.24842623417605,107.30757722399633,28.540435772452266,normal,1.0
I_00095,16.294895971849495,107.34727185764999,233.82673234361692,residential,2.2
I_00096,16.510406539752573,107.58094225533961,1099.3939552242362,residential,2.2
I_00097,16.53781445312896,107.433212751178,16715.297358176915,residential,3.7
I_00098,16.423997179940997,107.46290143009395,18.384454406906602,normal,1.0
I_00099,16.394140286344093,107.74271836733936,83.68407371625463,residential,2.2
I_00100,16.597863807977678,107.38229687039261,247.1479583813783,residential,3.7
I_00101,16.23056783089276,107.20547066229796,40.18626610154178,residential,2.2
I_00102,16.333348013373385,107.62243879305308,256.51246025441475,normal,1.0
I_00103,16.457891514909182,107.71916700434548,5134.269624631495,residential,3.7
I_00104,16.32431150902908,107.17543866210983,179.00635014530164,residential,2.2
I_00105,16.29632513002953,107.34749279405817,221.7736781817603,residential,2.2
I_00106,16.249349496338645,107.20827579626017,47.15567776356448,residential,2.2
I_00107,16.42205185600165,107.82385948165093,1464.5542343088025,normal,1.0
I_00108,16.272261613883977,107.86936037052472,7968.310651723514,hospitals,6.0
I_00109,16.722347659119286,107.40570104055462,47.0489854960608,residential,2.2
I_00110,16.377612151173135,107.85624922174357,1390.3937863656993,normal,1.0
I_00111,16.376938018254545,107.8536967552879,1390.1372484809908,normal,1.0
I_00112,16.32580406390474,107.17632713316019,241.1189541463147,residential,2.2
I_00113,16.22993158512797,107.20571106556565,24.112031007416185,residential,2.2
I_00114,16.556453922357903,107.3213807587948,74.61903545976804,residential,2.2
I_00115,16.294037782310813,107.34643542092826,201.79221969691497,residential,2.2
I_00116,16.315633967679183,108.01166110998167,438.30105636764813,residential,3.7
I_00117,16.23222371570798,108.08207356183796,4338.453174106107,hospitals,6.0
I_00118,16.33188347344504,107.41385689266022,29.176128621168765,residential,2.2
I_00119,16.644739986576432,107.49718135316309,9734.087256547258,residential,2.2
I_00120,16.37780509123827,107.45996282667647,36.08308186803504,normal,1.0
I_00121,16.30927799657218,107.38724309025639,159.75175206023613,residential,2.2
I_00122,16.34649277011021,107.90965681822648,2040.6876243843851,residential,5.7
I_00123,16.646579243630114,107.49658645994856,6187.979200945183,residential,2.2
I_00124,16.304236141136432,108.0326107023924,32.91466831951305,normal,1.0
I_00125,16.605951639206065,107.44664927856242,60.4199119720212,residential,2.2
I_00126,16.114302358633157,107.39539064191928,203.29238914037822,residential,2.2
I_00127,16.33979317533013,107.54276033586275,16.02628872493156,normal,1.0
I_00128,16.236922673464104,107.2554476828724,3669.6689342040463,residential,2.2
I_00129,16.307836756840754,107.38658343938354,143.42003740991498,residential,2.2
I_00130,16.559913414137217,107.60043997482421,10532.910299485246,residential,2.2
I_00131,16.483601917324254,107.5480942689653,33643.876213506526,residential,3.7
I_00132,16.516380876701373,107.28850515957613,217.61077743341704,residential,2.2
I_00133,16.333641829846222,108.0191494777456,28.55812499103845,industrial,2.5
I_00134,16.58041102075731,107.32587334171436,30.34753908433967,residential,2.2
I_00135,16.72342974986979,107.40595643496115,39.50883910125125,residential,2.2
I_00136,16.332663605794625,108.02166889826874,20.208075178676975,industrial,2.5
I_00137,16.39833485553035,107.07568074141699,28.306485778860537,residential,2.2
I_00138,16.33243593346657,108.01975200946855,24.54310534842528,industrial,2.5
I_00139,16.592829887596988,107.58221800316169,457.6628633551192,normal,1.0
I_00140,16.597889474430275,107.48992357846201,1526.1346095990418,residential,2.2
I_00141,16.086111707032774,107.36523893636772,388.467830538842,residential,2.2
I_00142,16.514907524739627,107.641787230375,1208.4162719112453,residential,2.2
I_00143,16.267699231124357,107.7800610204616,92.30610700078974,normal,1.0
I_00144,16.468685518577082,107.6114048291288,51272.823409898345,residential,9.7
I_00145,16.645916295621348,107.49640073107867,11285.072406735702,residential,2.2
I_00146,16.59776290007648,107.38276093608148,144.89829328599552,residential,3.7
I_00147,16.32977487223441,107.41521838587515,20.419327091382915,residential,2.2
I_00148,16.232147054431024,108.08122374517724,4729.913102436093,hospitals,6.0
I_00149,16.540793195586982,107.43001833961496,16171.258626741388,residential,3.7
I_00150,16.249173139235424,107.69104767373581,33.78393385889873,normal,1.0
I_00151,16.540538879194283,107.42983030045932,21751.2164824555,residential,3.7
I_00152,16.457321843649545,107.7169168429071,4017.244043414076,residential,5.7
I_00153,16.42135905068674,107.8225972580737,936.3087727548442,normal,1.0
I_00154,16.424237492072212,107.4647939352843,21.558231670037486,normal,1.0
I_00155,16.085695920744474,107.36488269116683,431.6061317068522,residential,2.2
I_00156,16.645930302809095,107.49583121567389,9331.211465600025,residential,2.2
I_00157,16.315805561988356,108.01311193573702,484.94375411281754,residential,3.7
I_00158,16.65795403958219,107.37486696507266,8692.227066591604,residential,2.2
I_00159,16.561907560688876,107.600537600159,6377.79888369469,residential,2.2
I_00160,16.239008459727263,107.25483951403785,3659.635200745535,residential,2.2
I_00161,16.29591181570893,107.3457057595237,182.2780624410183,residential,2.2
I_00162,16.395290110110025,107.74393806017764,52.75595515732957,normal,1.0
I_00163,16.592710708949507,107.58046818702582,558.1543904476198,normal,1.0
I_00164,16.449762451520293,107.65470282388168,303.6076807264423,normal,1.0
I_00165,16.294167166950754,107.34589102350616,234.9243778504898,residential,2.2
I_00166,16.596739849736984,107.3835925337525,260.8456518343257,residential,3.7
I_00167,16.229440559256933,107.20399398720286,38.59601472959975,residential,2.2
I_00168,16.083670604170063,107.36272272012971,295.8686793629348,residential,2.2
I_00169,16.395999517008494,107.74343028635214,82.33470397533729,residential,2.2
I_00170,16.2304806054379,108.07968470130766,5887.62138774808,hospitals,6.0
I_00171,16.398163201637384,107.59221732092014,73.45731377268861,normal,1.0
I_00172,16.645895419597817,107.49491800412326,6743.550322298843,residential,2.2
I_00173,16.14589993024523,107.75902111645024,70.86167144047813,residential,2.2
I_00174,16.39531544802207,107.07400373289786,28.809200779223012,residential,2.2
I_00175,16.397006440158616,107.07439218845815,33.370639022582886,residential,2.2
I_00176,16.232650363271595,108.08085111593712,5098.325908465294,hospitals,6.0
I_00177,16.44917577510803,107.65259717584347,548.7327671854565,normal,1.0
I_00178,16.51979382389684,107.38487226285521,61.16834656656585,residential,2.2
I_00179,16.398023691744985,107.71852751816044,1316.029847330343,residential,2.2
I_00180,16.247848655588243,107.68959653671654,51.1482117043313,normal,1.0
I_00181,16.34217668954399,107.15530672927963,42.591819150251474,residential,2.2
I_00182,16.22179376665539,108.04525878808907,91.9513523484516,normal,1.0
I_00183,16.530074865117868,107.69235949689673,23881.593261531034,normal,1.0
I_00184,16.247800370449557,107.69007412929278,31.02388031414519,normal,1.0
I_00185,16.30903850588581,107.38727012962828,98.72197127605278,residential,2.2
I_00186,16.2294376266573,107.2047887955763,29.657472229555484,residential,2.2
I_00187,16.60704276952805,107.4491467750517,69.44937447179716,residential,2.2
I_00188,16.50838353454681,107.57993706822441,1643.4124294727426,residential,2.2
I_00189,16.329401407083473,107.41124288259002,25.883046971295716,residential,2.2
I_00190,16.33078509114324,108.02103310483555,24.297895802287442,industrial,2.5
I_00191,16.368726820331347,107.67347427130528,46.370212188491394,normal,1.0
I_00192,16.11277068767299,107.39626670591144,212.88872791037124,residential,2.2
I_00193,16.45069089140681,107.65260032846476,330.6394589092956,normal,1.0
I_00194,16.33067572511028,107.62401489732217,167.93966715343768,normal,1.0
I_00195,16.329358856572654,108.0210009393956,30.517667349977962,industrial,2.5
I_00196,16.323595090409523,107.69654533133453,8.198405997393666,normal,1.0
I_00197,16.36949606942834,107.11719336444409,280.8223345383347,residential,2.2
I_00198,16.733882699038922,107.3957629145714,16.825263862847752,residential,2.2
I_00199,16.517305157924667,107.38495767204327,50.488430691797205,residential,2.2
I_00200,16.330103599681674,107.62329172759948,281.7556494571589,normal,1.0
I_00201,16.392948407136494,107.74240223353404,50.294205909202375,residential,2.2
I_00202,16.08628873896458,107.36442458282268,378.4689339427513,residential,2.2
I_00203,16.513477258974486,107.64165828103765,1267.6370793484366,residential,2.2
I_00204,16.530432398660295,107.69011273043134,35674.989809036146,normal,1.0
I_00205,16.32543012004369,107.17635495712025,274.21980570895755,residential,2.2
I_00206,16.24752591418554,107.30967277697354,41.02221570538384,normal,1.0
I_00207,16.375405026187153,107.8552529917067,1434.3252912301302,normal,1.0
I_00208,16.397078145630523,107.59244761379448,61.58287412861355,normal,1.0
I_00209,16.395320018391015,107.74331972583317,61.608825706885646,residential,2.2
I_00210,16.113790490262744,107.39645027274169,259.1634243865914,residential,2.2
I_00211,16.375201705949774,107.8557353001242,994.936304021897,normal,1.0
I_00212,16.240016580240603,107.25563961887046,5206.36428851936,residential,2.2
I_00213,16.302836140953822,108.03326322493041,47.18483760802171,normal,1.0
I_00214,16.39706428662955,107.07440603731185,23.660317689246877,residential,2.2
I_00215,16.24989002556919,107.20605800186455,40.64277841949974,residential,2.2
I_00216,16.39762731259584,107.71865259499513,1188.7580931593263,residential,2.2
I_00217,16.39719752591395,107.71903412666302,1041.720513044,residential,2.2
I_00218,16.231928399851988,108.0803438775622,6505.110631568429,hospitals,6.0
I_00219,16.344295391117203,107.15597729307117,51.99648778614423,residential,2.2
I_00220,16.55683024051846,107.31917671525464,76.95195980870452,residential,2.2
I_00221,16.30301351641144,108.03203866743215,45.12324376754943,normal,1.0
I_00222,16.34938301963133,107.44534744033552,95.10480914454612,normal,1.0
I_00223,16.347193942577984,107.90886178549154,2675.788681464168,residential,5.7
I_00224,16.393548000590428,107.74483824124955,83.48378579162726,normal,1.0
I_00225,16.379188271781942,107.46053097029062,35.023998324672036,normal,1.0
I_00226,16.324878844175736,107.6936249597934,6.092135021848153,normal,1.0
I_00227,16.396925531564147,107.71773987961497,1096.9158498737067,residential,2.2
I_00228,16.247887587150302,107.30858860246433,42.39959159475403,normal,1.0
I_00229,16.39268961105364,107.74750124736845,82.99018934799288,normal,1.0
I_00230,16.376957284304353,107.85621771674215,1075.3256093839143,normal,1.0
I_00231,16.6561846289884,107.37576117576661,9779.39407072337,residential,2.2
I_00232,16.658967156606902,107.37545511407313,12841.466948105703,residential,2.2
I_00233,16.222634151711233,108.04316306818318,99.14239217941474,normal,1.0
I_00234,16.230283784992963,107.20442577221897,23.717843898491342,residential,2.2
I_00235,16.423920385879242,107.46399144983292,12.208580252886037,normal,1.0
I_00236,16.581370877015654,107.52452682763413,3910.1907618286173,residential,2.2
I_00237,16.27147428028441,107.87147736984504,5619.744561193684,hospitals,6.0
I_00238,16.30247639385387,108.03344218012055,53.25715405194122,normal,1.0
I_00239,16.231052347740608,108.08216793910496,6423.469289791156,hospitals,6.0
I_00240,16.397415714234338,107.71842486072451,1085.1155905990288,residential,2.2
I_00241,16.294249962810383,107.34735128690208,251.20183534241195,residential,2.2
I_00242,16.329444447058247,107.62532827274102,236.05784537815472,normal,1.0
I_00243,16.720887675777835,107.40702332617457,50.19611846541874,residential,2.2
I_00244,16.27928351713875,107.20880930463692,1346.9809082042896,residential,2.2
I_00245,16.087516127340436,107.38510957107816,20.962376167914623,residential,2.2
I_00246,16.64699303412191,107.49536138270199,8785.10830822412,residential,2.2
I_00247,16.397660772295215,107.71792001158539,942.7118286361236,residential,2.2
I_00248,16.143447520280485,107.75756799069248,63.3090882264607,residential,2.2
I_00249,16.34041734037182,107.54088396518425,19.265089082691667,normal,1.0
I_00250,16.22859859544178,107.20432488048212,24.11293413119955,residential,2.2
I_00251,16.48640619166141,107.54628746124614,28227.537982004284,residential,3.7
I_00252,16.2392252423769,107.25746270794184,4462.186585546973,residential,2.2
I_00253,16.346281914848003,107.90876707084746,3242.890057057977,residential,5.7
I_00254,16.58132431797051,107.32666938740088,19.077840418452627,residential,2.2
I_00255,16.359449203774798,107.76612777566477,48.072496703660704,normal,1.0
I_00256,16.30996870333145,107.38780033550071,168.96706644695254,residential,2.2
I_00257,16.31148359021343,107.38829833864698,151.40721453829244,residential,2.2
I_00258,16.42366710210565,107.46540396295123,16.089902298322997,normal,1.0
I_00259,16.45079823983778,107.65126425114605,576.2362520521655,normal,1.0
I_00260,16.359855829470565,107.76497992312943,33.57428036001487,normal,1.0
I_00261,16.51888911752882,107.38504145015415,54.142039502708215,residential,2.2
I_00262,16.086556280070294,107.36673801459183,516.6822255765875,residential,2.2
I_00263,16.64548281730283,107.49588011588838,10504.388387108433,residential,2.2
I_00264,16.37521742274268,107.85539063978955,1551.0905310636667,normal,1.0
I_00265,16.14407437001771,107.75762363678096,47.717051066872976,residential,2.2
I_00266,16.59119963818214,107.58185599528221,349.84538975233096,normal,1.0
I_00267,16.247092808312342,107.6907961660892,38.94922336620652,normal,1.0
I_00268,16.308294025226907,107.74889388085636,26.96400280300761,industrial,2.5
I_00269,16.24832808532933,107.68888654499317,51.73170300116885,normal,1.0
I_00270,16.34412072924463,107.15682441330081,36.26002688500206,residential,2.2
I_00271,16.470333418047606,107.61089906386218,67132.07068316599,residential,9.7
I_00272,16.370762320774812,107.11781283159598,251.50149483457403,residential,2.2
I_00273,16.24761345109291,107.3101876401614,44.318629484574465,normal,1.0
I_00274,16.597423499401074,107.48826771301943,2084.6129404992657,residential,2.2
I_00275,16.645690064545775,107.49720537857019,6425.271109479619,residential,2.2
I_00276,16.34049261597883,107.5417642898375,14.49737716111985,normal,1.0
I_00277,16.469408655664534,107.61237955266475,70012.14551672626,residential,9.7
I_00278,16.350057021398094,107.44562404655917,51.040457599453035,normal,1.0
I_00279,16.34066803473858,107.54268708457393,12.96860726563623,normal,1.0
I_00280,16.39659992702347,107.59243273723605,87.51766524421001,normal,1.0
I_00281,16.119707879461263,107.33607575720421,524.553209205098,residential,4.2
I_00282,16.7219944268202,107.40835914335348,48.054762228107855,residential,2.2
I_00283,16.165960584747534,107.71959924519089,4435.883987642986,residential,5.2
I_00284,16.269304251130016,107.78159537589327,72.5553346798915,normal,1.0
I_00285,16.64707492145543,107.49424161937641,9226.069145777286,residential,2.2
I_00286,16.3115544860219,108.01179062492176,483.96629001200535,residential,3.7
I_00287,16.325035486096066,107.17739982964964,297.93929125732797,residential,2.2
I_00288,16.30841592364984,107.38784109111985,119.87713839815254,residential,2.2
I_00289,16.596852503605824,107.38342469220242,257.7492137833726,residential,3.7
I_00290,16.397823653704002,107.59065591272375,49.009607995363666,normal,1.0
I_00291,16.325121052008775,107.694434127827,12.082896060111427,normal,1.0
I_00292,16.270386879711058,107.87004080713193,9659.271459431086,hospitals,6.0
I_00293,16.540223891390585,107.43097332068504,16733.000039499384,residential,3.7
I_00294,16.37983777458402,107.59342266422517,54.760899960360646,normal,1.0
I_00295,16.397900841144203,107.71730359180691,1284.3757349985492,residential,2.2
I_00296,16.59214021707734,107.5805033893172,487.80641693881034,normal,1.0
I_00297,16.22236094168411,108.04274658509522,65.86144523683456,normal,1.0
I_00298,16.39531554821465,107.07432395310309,45.58115791568894,residential,2.2
I_00299,16.142054733899606,107.75785854995475,65.31206070227572,residential,2.2
I_00300,16.540778264987562,107.42900862518148,15797.849441477487,residential,3.7
I_00301,16.31551044505249,108.01263057269585,469.79180712530246,residential,3.7
I_00302,16.279228019655665,107.97741907383573,2104.674250159587,residential,2.2
I_00303,16.313062690447605,108.01223766883552,327.8734460207365,residential,3.7
I_00304,16.394967059661333,107.74296609122216,83.81010466603185,residential,2.2
I_00305,16.39814207970594,107.07459857479631,26.15277766529806,residential,2.2
I_00306,16.733221528628775,107.39709271759493,14.06757369961637,residential,2.2
I_00307,16.350356461998324,107.44591541591814,83.73807402054175,normal,1.0
I_00308,16.59784165179789,107.48817077858487,1247.8775990585816,residential,2.2
I_00309,16.30888634378089,107.38924702739409,139.35237013185053,residential,2.2
I_00310,16.50733761086203,107.58225110644453,996.9615066163573,residential,2.2
I_00311,16.231520435834064,108.08186989426487,3817.1546270358936,hospitals,6.0
I_00312,16.367817256642887,107.67442232210117,53.537170302868596,normal,1.0
I_00313,16.292524785780763,107.34492092417683,234.67597451688746,residential,2.2
I_00314,16.370245947468057,107.67502728426298,70.22308853139965,normal,1.0
I_00315,16.512738338245384,107.64077750352777,978.6249211742959,residential,2.2
I_00316,16.368939878301763,107.11701929605283,178.83491321749332,residential,2.2
I_00317,16.229948566414816,107.20454662246142,42.99404074605931,residential,2.2
I_00318,16.248573644585917,107.20778421482868,35.278294909577795,residential,2.2
I_00319,16.581172864151718,107.3262839929196,31.592946151636312,residential,2.2
I_00320,16.597103727386077,107.38436277326939,240.63252617006077,residential,3.7
I_00321,16.423912486794826,107.4630621311017,13.850134271483011,normal,1.0
I_00322,16.24986999854795,107.3071984388592,29.32365421204273,normal,1.0
I_00323,16.308259396051117,107.74895119097387,18.48397455788102,industrial,2.5
I_00324,16.28047919806237,107.20943000093168,1421.0539855017266,residential,2.2
I_00325,16.230903807404417,108.08252996983101,5400.010764361383,hospitals,6.0
I_00326,16.114884378822367,107.39656121783175,247.6092945591965,residential,2.2
I_00327,16.11789104417816,107.3390551500046,675.8668207781503,residential,4.2
I_00328,16.373927740726764,107.04845993200513,304.9057931452693,residential,2.2
I_00329,16.39347924626744,107.7438874350901,59.975258697365014,normal,1.0
I_00330,16.73356419403173,107.39431733070121,16.019044565071226,residential,2.2
I_00331,16.33270148603064,107.95500242395259,103.86281224560643,normal,1.0
I_00332,16.582666501516943,107.52481099351036,2546.1965645934183,residential,2.2
I_00333,16.5423243823384,107.43092845957062,15081.770862190591,residential,3.7
I_00334,16.339063953504795,107.54399004628524,20.119157479276357,normal,1.0
I_00335,16.367966925990675,107.67567794070624,73.33090130866997,normal,1.0
I_00336,16.33192578440853,108.02107888383809,20.949669657433486,industrial,2.5
I_00337,16.378573687390322,107.59258009751163,58.429633534745705,normal,1.0
I_00338,16.33107484042497,107.62385935786976,232.35374621932033,normal,1.0
I_00339,16.35127695127908,107.44521049393344,87.83696807957142,normal,1.0
I_00340,16.527702812781577,107.36317041659883,1240.8227380959434,residential,3.7
I_00341,16.22234551110162,108.04417930484735,105.09340028156929,normal,1.0
I_00342,16.391500293199787,107.48098234469005,601.6065563549753,normal,1.0
I_00343,16.340242147467606,107.5444611902206,11.72319050081467,normal,1.0
I_00344,16.11738634521035,107.33767341334655,737.8910495734659,residential,4.2
I_00345,16.37314503945796,107.04873186579249,252.5856256050036,residential,2.2
I_00346,16.605438576389787,107.44905789704003,42.634440695047445,residential,2.2
I_00347,16.26873181196607,107.7810790289028,89.60074368504992,normal,1.0
I_00348,16.165208219072284,107.71987619270388,3092.0717818141507,residential,5.2
I_00349,16.37903907066459,107.46084431754275,49.6932578063542,normal,1.0
I_00350,16.596760530513812,107.38480664314385,232.2017390285336,residential,3.7
I_00351,16.33233074051382,107.95674537502995,120.15121422406128,normal,1.0
I_00352,16.52917541779131,107.69198882574156,24662.250075996075,normal,1.0
I_00353,16.33303206851243,108.01842697108269,21.860435336241878,industrial,2.5
I_00354,16.247517168340966,107.30835044099538,26.219867140475667,normal,1.0
I_00355,16.419313293977115,107.82405392462124,1117.229063633947,normal,1.0
I_00356,16.44974595218553,107.65434983063106,315.528092510843,normal,1.0
I_00357,16.425436925231256,107.46333648708415,19.480732462180967,normal,1.0
I_00358,16.72196397121542,107.4082631311087,51.16768234649179,residential,2.2
I_00359,16.555201506033466,107.32092293405287,98.08690595708731,residential,2.2
I_00360,16.509900086301368,107.58028227140711,1524.0615986338119,residential,2.2
I_00361,16.119242056829137,107.33698612307762,814.9664094048406,residential,4.2
I_00362,16.599392758637393,107.48887329827087,1117.6957325845854,residential,2.2
I_00363,16.42372169312598,107.46362551465043,13.739470833739665,normal,1.0
I_00364,16.379254764659382,107.59495902837857,34.95267279810641,normal,1.0
I_00365,16.23812413384133,107.25497578368196,3845.739405311165,residential,2.2
I_00366,16.279676977974137,107.97998753630777,1571.6524414989563,residential,2.2
I_00367,16.331607021616428,108.02017299992367,17.65365892407,industrial,2.5
I_00368,16.424308969160503,107.46362198940166,21.34725461575696,normal,1.0
I_00369,16.44996278706184,107.65497883954808,376.9720878884093,normal,1.0
I_00370,16.231595502149922,107.20593861595499,46.12667989018854,residential,2.2
I_00371,16.34074437782732,107.5434320735398,19.3259333378644,normal,1.0
I_00372,16.085627898294575,107.36483930538745,419.5263129889794,residential,2.2
I_00373,16.31357747084075,108.01309642826921,291.4780935887354,residential,3.7
I_00374,16.301979606584062,108.03431733165353,59.80802515968032,normal,1.0
I_00375,16.247648819086994,107.68941729289102,47.26312758485727,normal,1.0
I_00376,16.368468530882172,107.6731119728308,56.83036663500133,normal,1.0
I_00377,16.376852472803257,107.46079723467584,47.738921022445474,normal,1.0
I_00378,16.333188235249885,107.95547817228328,144.95626573902788,normal,1.0
I_00379,16.73333523385318,107.39498037487557,11.706921234321676,residential,2.2
I_00380,16.44949695840642,107.65406280393059,412.3101011396042,normal,1.0
I_00381,16.554902924551882,107.3211060577663,60.05100505527488,residential,2.2
I_00382,16.37824960776514,107.59389373719625,62.886083705469126,normal,1.0
I_00383,16.72318980186969,107.40543659077967,38.64845781210791,residential,2.2
I_00384,16.248694736483287,107.30746099566193,35.66201818347909,normal,1.0
I_00385,16.109737682809925,107.65199198157482,53.228465311781115,normal,1.0
I_00386,16.230242704850674,107.20551380050166,45.35060059288199,residential,2.2
I_00387,16.269439030967288,107.78091553388047,101.5831940124576,normal,1.0
I_00388,16.30907878690346,107.74812428409055,16.235738070277133,industrial,2.5
I_00389,16.332005600041235,107.95595028415914,105.74595130644724,normal,1.0
I_00390,16.37817422881567,107.85406238815014,1538.770187685628,normal,1.0
I_00391,16.295125362751158,107.34663907745558,145.65401825656485,residential,2.2
I_00392,16.64602979312669,107.49734165054156,8227.477323421803,residential,2.2
I_00393,16.73405273622512,107.3934523441751,15.61334323818456,residential,2.2
I_00394,16.22318864529077,108.0448039292836,99.94510294940096,normal,1.0
I_00395,16.08376531464153,107.36498572200578,513.950565274817,residential,2.2
I_00396,16.24800798215041,107.20735718680329,40.93090670991034,residential,2.2
I_00397,16.087808098034436,107.38472367491552,23.54886855141269,residential,2.2
I_00398,16.579311723153786,107.3265177014814,23.981297334887177,residential,2.2
I_00399,16.46939083419037,107.61041663176347,52051.190414688775,residential,9.7
I_00400,16.341104218515195,107.5436426844839,18.312485150875858,normal,1.0
I_00401,16.646994984680546,107.49580923954228,8166.032195698861,residential,2.2
I_00402,16.421606039750042,107.82303941326896,1683.2422866962474,normal,1.0
I_00403,16.230228187947688,107.20691969286922,38.1071107157953,residential,2.2
I_00404,16.539480243319765,107.43104826374446,16437.368465196345,residential,3.7
I_00405,16.657284200541245,107.3735388504137,9584.075510139402,residential,2.2
I_00406,16.65866813540373,107.37526630805492,8055.300736319429,residential,2.2
I_00407,16.450051331175285,107.65402523761361,522.6639470263192,normal,1.0
I_00408,16.28219706683228,107.21168356684824,804.4060144907492,residential,2.2
I_00409,16.269555310173303,107.77980925526714,86.1101944514952,normal,1.0
I_00410,16.378870698598174,107.46258731949237,32.66305195503755,normal,1.0
I_00411,16.59063680646524,107.58163581536542,587.9588321828251,normal,1.0
I_00412,16.248228001779147,107.20752394515463,29.679097943356275,residential,2.2
I_00413,16.516852357801532,107.28934954279903,245.55739621233093,residential,2.2
I_00414,16.338335729212577,107.5423185444671,20.719126261870652,normal,1.0
I_00415,16.3772736240152,107.46138019106468,47.404351838800444,normal,1.0
I_00416,16.420632259588757,107.82508270144669,1229.950512460132,normal,1.0
I_00417,16.303937223779638,108.03227323440142,54.871275333491816,normal,1.0
I_00418,16.23927521871549,107.25551568828617,6473.148408288314,residential,2.2
I_00419,16.583063880466074,107.52440803120544,3698.73093278334,residential,2.2
I_00420,16.457592944181048,107.71967693013431,5104.40090822356,residential,3.7
I_00421,16.423673709628346,107.82297413352359,1701.8992497284178,normal,1.0
I_00422,16.72263945614547,107.40652232290061,45.42334062336479,residential,2.2
I_00423,16.297459208356774,107.34548531142757,174.7841161212032,residential,2.2
I_00424,16.423175672019404,107.46369084930394,12.356728931328888,normal,1.0
I_00425,16.310127959477256,107.38741601916927,142.52777299280234,residential,2.2
I_00426,16.23896207672073,107.25618794725756,5417.5742657059345,residential,2.2
I_00427,16.295073677510896,107.34491478178684,226.42368416997988,residential,2.2
I_00428,16.269165969478674,108.02839609208652,175.40970751073408,normal,1.0
I_00429,16.267551192168323,107.78120946757707,92.00444628800795,normal,1.0
I_00430,16.221306698587476,108.04396632349116,53.978986895342764,normal,1.0
I_00431,16.325109697945972,107.17540852023467,199.04810843899318,residential,2.2
I_00432,16.4228969080563,107.82265494822101,1334.0027757536373,normal,1.0
I_00433,16.44977658574001,107.6527911828399,478.16921100899947,normal,1.0
I_00434,16.30436631501438,108.03287151407746,49.47696719025686,normal,1.0
I_00435,16.083969243145734,107.36333004373192,521.8150423915727,residential,2.2
I_00436,16.28131872789796,107.97976818654269,1491.9739260769336,residential,2.2
I_00437,16.390536106102154,107.48377496248058,353.71226562425664,normal,1.0
I_00438,16.378486697262066,107.46009133996394,39.76921207839417,normal,1.0
I_00439,16.27111267826677,107.87081808888436,8909.576343924053,hospitals,6.0
I_00440,16.281206358225003,107.21201767580101,1155.1205041490402,residential,2.2
I_00441,16.370731026778273,107.67234273312394,50.53097585759063,normal,1.0
I_00442,16.470017359428414,107.61181529897326,51322.241123065745,residential,9.7
I_00443,16.39225642001354,107.48108945056701,371.5732377103477,normal,1.0
I_00444,16.377755987535526,107.8547502198902,1091.2809674934256,normal,1.0
I_00445,16.247535646835203,107.69016176110868,47.556862405319215,normal,1.0
I_00446,16.597265776884207,107.3843629503229,191.995732613576,residential,3.7
I_00447,16.309129757662124,107.74802915980224,22.839720431027644,industrial,2.5
I_00448,16.222053771994105,108.0452532674274,79.40560748961198,normal,1.0
I_00449,16.268025853374336,107.78155128002075,73.03389030501546,normal,1.0
I_00450,16.48527163723989,107.54458550477689,36465.4884918807,residential,3.7
I_00451,16.36726767698695,107.11643680819039,192.48570804175094,residential,2.2
I_00452,16.312340802306338,108.01262291003914,393.50591591914355,residential,3.7
I_00453,16.51634244994011,107.28730382757573,291.31490338751763,residential,2.2
I_00454,16.249731914768756,107.20729716732244,33.624820099914956,residential,2.2
I_00455,16.50910149829515,107.58053734317818,1646.9947870587048,residential,2.2
I_00456,16.397894533680358,107.59317584372738,81.0529606151935,normal,1.0
I_00457,16.249338634735697,107.30836091219722,37.22786934965701,normal,1.0
I_00458,16.110468342588447,107.64940693031605,43.65481268322225,normal,1.0
I_00459,16.510714884103137,107.58026709827527,919.4078632601512,residential,2.2
I_00460,16.329547286263953,107.4144675670504,15.75904138689814,residential,2.2
I_00461,16.392176797471034,107.47972503826735,358.02140024802173,normal,1.0
I_00462,16.330326269430422,107.41358171940533,20.16085003802254,residential,2.2
I_00463,16.326037287591454,107.69364490906999,9.681255045537831,normal,1.0
I_00464,16.52664539573279,107.36492162516356,978.4698928228872,residential,3.7
I_00465,16.141082267090432,107.75725733894738,66.66588197574922,residential,2.2
I_00466,16.42065065898938,107.82505609032893,932.3570242472538,normal,1.0
I_00467,16.37788445699242,107.46019677881203,36.186086500482695,normal,1.0
I_00468,16.109843265736554,107.65154213382398,35.76680891877535,normal,1.0
I_00469,16.529742735354517,107.69264758618466,31707.69389758223,normal,1.0
I_00470,16.485109053618114,107.54519523754063,39723.26651415295,residential,3.7
I_00471,16.267787155172655,108.02996725023809,199.47394599641623,normal,1.0
I_00472,16.329893166991944,107.41363999840247,22.820301274112655,residential,2.2
I_00473,16.373624271966854,107.05003254514645,418.06186839748574,residential,2.2
I_00474,16.5284204054005,107.69058268379062,33393.70830730039,normal,1.0
I_00475,16.34273117045482,107.15485341373186,38.84972660391619,residential,2.2
I_00476,16.230316164591933,107.2054882407988,26.387105452628987,residential,2.2
I_00477,16.371529147199947,107.04893195187827,445.5395690594447,residential,2.2
I_00478,16.113564591482806,107.39586158214539,284.0888122463809,residential,2.2
I_00479,16.304413127849635,108.03106202386111,63.24393445081727,industrial,2.5
I_00480,16.39756167295301,107.71755186381996,800.9930817481061,residential,2.2
I_00481,16.344586339676514,107.15625131720445,37.60655453933275,residential,2.2
I_00482,16.38961361776505,107.48247079120347,429.01851421481683,normal,1.0
I_00483,16.721663361843778,107.408810901526,64.84275959828452,residential,2.2
I_00484,16.369782991026938,107.11612500749891,189.26364788033248,residential,2.2
I_00485,16.37729769316542,107.85483052208166,1538.7774031828462,normal,1.0
I_00486,16.307727826177636,107.74820864700251,23.265313027790217,industrial,2.5
I_00487,16.528266159709137,107.36278119348917,1166.443293575395,residential,3.7
I_00488,16.1651194106769,107.7185798766175,4120.331075151682,residential,5.2
I_00489,16.352262697096517,107.44464126078113,51.87121227790791,normal,1.0
I_00490,16.73295239797766,107.39575210013044,21.350535024175414,residential,2.2
I_00491,16.270497044590993,107.87007766617172,9568.481940457976,hospitals,6.0
I_00492,16.086679164734466,107.38458662310826,22.19915990765746,residential,2.2
I_00493,16.37839726271724,107.46016447969514,44.92487937527307,normal,1.0
I_00494,16.314190490684197,108.01194711489704,372.15216104937366,residential,3.7
I_00495,16.37833526706735,107.59378789546533,51.06440329306966,normal,1.0
I_00496,16.5141334386601,107.38472708293452,46.950844145826956,residential,2.2
I_00497,16.314695966754844,108.01149594255558,353.6424720455883,residential,3.7
I_00498,16.143150278787044,107.75808137466181,62.8265781384737,residential,2.2
I_00499,16.55662027575596,107.32062445367923,69.49859387620162,residential,2.2
I_00500,16.30284887514966,108.03261376172503,48.90766216400205,normal,1.0
I_00501,16.39784121587075,107.07346647367594,35.76226266662092,residential,2.2
I_00502,16.141185308340656,107.75731462845916,75.48814695698003,residential,2.2
I_00503,16.303690253983593,108.03264714415359,62.81103405816124,normal,1.0
I_00504,16.645797742208938,107.49480934231087,10120.18377461644,residential,2.2
I_00505,16.518225266995625,107.38439602452745,46.25162187212475,residential,2.2
I_00506,16.450353932295588,107.6528001388688,497.4277308992039,normal,1.0
I_00507,16.4851838261108,107.54724930910156,32559.66353102751,residential,3.7
I_00508,16.540423837271973,107.42900954851888,24518.77445560884,residential,3.7
I_00509,16.392994724726673,107.74435637107436,84.04200827506524,normal,1.0
I_00510,16.643545302041503,107.4955605455396,6713.725431737573,residential,2.2
I_00511,16.223581014659576,108.0427033010249,85.96987822119372,normal,1.0
I_00512,16.165104113056273,107.71994235950072,2602.7664160833515,residential,5.2
I_00513,16.376744100038515,107.85570186907664,1657.7211805238335,normal,1.0
I_00514,16.085716486124102,107.38624618395005,30.41209936666986,residential,2.2
I_00515,16.605260592315748,107.44965910188655,45.331205352083465,residential,2.2
I_00516,16.279890247337946,107.97709760627491,2048.044532355453,residential,2.2
I_00517,16.526833121876514,107.36279205328749,1158.942161066764,residential,3.7
I_00518,16.37183081013337,107.04773146344989,303.070315083069,residential,2.2
I_00519,16.39473925884358,107.74285550047756,69.01722928597177,residential,2.2
I_00520,16.326318302638573,107.17729397486966,222.91353427726628,residential,2.2
I_00521,16.086557437605883,107.36358234556025,374.6704226011706,residential,2.2
I_00522,16.582568218115377,107.52396574768514,2610.9509897019125,residential,2.2
I_00523,16.60543349865724,107.44925300256638,41.983579439531056,residential,2.2
I_00524,16.27100992544608,107.87165073192705,7242.73027028911,hospitals,6.0
I_00525,16.11045311770684,107.6518182235518,34.36241726957694,normal,1.0
I_00526,16.528907600010957,107.69127299481512,21298.18401701084,normal,1.0
I_00527,16.166793496209035,107.71998360352423,4271.810056267598,residential,5.2
I_00528,16.34637926119377,107.90843715234074,2405.650868793705,residential,5.7
I_00529,16.247513443863067,107.69068200235559,53.67799521989113,normal,1.0
I_00530,16.556547095515118,107.31924721262824,91.60984576656044,residential,2.2
I_00531,16.393402126237742,107.741463711844,85.3947562097131,residential,2.2
I_00532,16.34502143733043,107.15488801639667,34.48026571372532,residential,2.2
I_00533,16.556918831435915,107.32146896898509,71.74189543425177,residential,2.2
I_00534,16.22296292264232,108.04297055050512,53.925625889388634,normal,1.0
I_00535,16.247403754471488,107.30767532982719,38.568421694405025,normal,1.0
I_00536,16.36861010014602,107.67341333347296,47.09107335825693,normal,1.0
I_00537,16.519864428878844,107.38533969424718,55.49651916881605,residential,2.2
I_00538,16.372486439772228,107.04832973039149,268.4784079197068,residential,2.2
I_00539,16.391518446442976,107.4812102900404,389.52243792548336,normal,1.0
I_00540,16.376297165788618,107.855651780823,1331.9214427908944,normal,1.0
I_00541,16.281163602865334,107.9800125375568,2675.10942302746,residential,2.2
I_00542,16.221799634697337,108.04317164243682,68.66285604319691,normal,1.0
I_00543,16.373949890511106,107.05012601605874,381.05822791344946,residential,2.2
I_00544,16.5997393386995,107.49068067853125,2094.106100777204,residential,2.2
I_00545,16.296582326783174,107.3466523728438,171.5118512298889,residential,2.2
I_00546,16.514404668325962,107.64224863714941,943.0558511960521,residential,2.2
I_00547,16.31476591552468,108.01314775116089,258.1714055232309,residential,3.7
I_00548,16.604804012270872,107.4489757821488,77.57067735905008,residential,2.2
I_00549,16.222858015172758,108.04326016790542,59.735062391579724,normal,1.0
I_00550,16.396593369362037,107.71889836776558,697.5677321248186,residential,2.2
I_00551,16.266443960977337,107.78208135365634,60.5380917806041,normal,1.0
I_00552,16.540289524061542,107.43086883146367,15018.771003805965,residential,3.7
I_00553,16.237660137235547,107.25540975101711,5725.329557516976,residential,2.2
I_00554,16.345908369384183,107.90963409725735,3289.9301500395354,residential,5.7
I_00555,16.732750448196064,107.39699288795507,16.629001738443765,residential,2.2
I_00556,16.657121428378215,107.37731749200098,10512.87990059081,residential,2.2
I_00557,16.554782225777775,107.32091697488138,75.41439468582199,residential,2.2
I_00558,16.327796123228644,107.41257925663012,27.6047433808254,residential,2.2
I_00559,16.51145926778166,107.57972262690748,1584.6651480790595,residential,2.2
I_00560,16.37195977056002,107.04758536954488,475.22924572480326,residential,2.2
I_00561,16.11324075114626,107.39585521274182,168.69115280373308,residential,2.2
I_00562,16.518447720173967,107.38340869694706,55.956906324965736,residential,2.2
I_00563,16.423117805461267,107.46303485527562,13.757308495187672,normal,1.0
I_00564,16.514438776166465,107.64172421844023,1071.9379873282214,residential,2.2
I_00565,16.397012264935324,107.07602417405124,24.0791100760384,residential,2.2
I_00566,16.36881375912421,107.67302045899176,70.41706461708846,normal,1.0
I_00567,16.32528555715787,107.69340394680036,10.945884159679384,normal,1.0
I_00568,16.33255738488174,107.62329636198291,212.77816162256772,normal,1.0
I_00569,16.59979008615559,107.49001827335674,2217.2170830556747,residential,2.2
I_00570,16.118534963533282,107.33543092075458,479.9087348967866,residential,4.2
I_00571,16.223561170545114,108.0422273854669,102.0857000259583,normal,1.0
I_00572,16.36755740236056,107.67335612306657,52.64923888516419,normal,1.0
I_00573,16.396511525316193,107.71746477903343,831.4813911485879,residential,2.2
I_00574,16.352517271900798,107.44627363426495,62.54044525810885,normal,1.0
I_00575,16.600319794334673,107.49027098733933,1842.2109509562226,residential,2.2
I_00576,16.083337384499227,107.36401914357327,509.73926480433664,residential,2.2
I_00577,16.377855912478445,107.59427465079601,35.780953293856115,normal,1.0
I_00578,16.331902890052902,108.02031759929943,20.90607772790464,industrial,2.5
I_00579,16.23125976316583,108.08251417139039,6097.453934473671,hospitals,6.0
I_00580,16.313194315568108,108.01306744256934,421.2566460858125,residential,3.7
I_00581,16.596479918984695,107.38492973021124,171.91222341206893,residential,3.7
I_00582,16.34667144820211,107.90955188445538,2867.0315220172724,residential,5.7
I_00583,16.230385501632874,107.20461653713018,33.0255020880958,residential,2.2
I_00584,16.11140624144248,107.65185294682132,43.12642488817839,normal,1.0
I_00585,16.658280532743376,107.37635218316218,10938.607931142114,residential,2.2
I_00586,16.657934374341238,107.37526077642163,13111.548351902677,residential,2.2
I_00587,16.269505350395324,108.02782713704833,154.46919758431682,normal,1.0
I_00588,16.280889804720225,107.97957736439592,1639.8597293420364,residential,2.2
I_00589,16.3323570256683,108.02037646927614,28.10448169679301,industrial,2.5
I_00590,16.51607901734277,107.38394807980868,37.34641127175608,residential,2.2
I_00591,16.369845648025354,107.11563374071741,275.72861502474734,residential,2.2
I_00592,16.223040490908108,108.04299640175225,91.16041993474298,normal,1.0
I_00593,16.11398095103319,107.394951717759,161.1579359426477,residential,2.2
I_00594,16.583566222240588,107.52542678993095,3718.0048618498986,residential,2.2
I_00595,16.28061106049586,107.21172720706332,998.9360216696678,residential,2.2
I_00596,16.331829256268286,108.01911134208949,25.46545564946864,industrial,2.5
I_00597,16.51751645318463,107.38371175461195,47.33633759517098,residential,2.2
I_00598,16.5916792977143,107.58059355526653,611.5224392532839,normal,1.0
I_00599,16.606633227027263,107.44994080617263,62.40613048241412,residential,2.2
I_00600,16.33099672029328,107.95552970765495,187.10796489822022,normal,1.0
I_00601,16.527326333931114,107.36311965285417,1150.9084880572168,residential,3.7
I_00602,16.394142702457867,107.7428407315023,44.20665268740206,residential,2.2
I_00603,16.086600615755593,107.38490983480109,17.08537119864311,residential,2.2
I_00604,16.606821484824366,107.4492080543866,54.149325540623956,residential,2.2
I_00605,16.238198540595604,107.25646811766507,4299.163889761358,residential,2.2
I_00606,16.539960181934514,107.42928129926041,17529.684828114125,residential,3.7
I_00607,16.3099174391119,107.74996930799577,23.395211180441137,industrial,2.5
I_00608,16.583714499663518,107.52539277757987,2666.3277147618487,residential,2.2
I_00609,16.519416625267198,107.38356297873166,51.955136096371774,residential,2.2
I_00610,16.33206142112347,108.01906811974487,22.953189264883193,industrial,2.5
I_00611,16.377388305513644,107.5928421871828,62.426786023651395,normal,1.0
I_00612,16.339747734779362,107.54451463973585,17.585381370333963,normal,1.0
I_00613,16.332639522108714,107.95395628948361,177.65731352271212,normal,1.0
I_00614,16.421647673185657,107.4633530882738,14.338531657135942,normal,1.0
I_00615,16.421919634298956,107.82351783775475,1685.9260747683982,normal,1.0
I_00616,16.333063181774232,108.02009973637071,28.519476586389636,industrial,2.5
I_00617,16.224953833878065,108.04299134834034,76.41516988909355,normal,1.0
I_00618,16.59800621446214,107.48935584759231,1888.1139095345836,residential,2.2
I_00619,16.308374076899796,107.38878191802306,117.32717114343086,residential,2.2
I_00620,16.608336795032866,107.4482648658654,50.759885305624074,residential,2.2
I_00621,16.507625950315443,107.58150621786672,882.3959934891676,residential,2.2
I_00622,16.64609025222753,107.49304302387284,6516.833834290953,residential,2.2
I_00623,16.538461761556686,107.43048473726094,19892.023604184673,residential,3.7
I_00624,16.237636580363553,107.25581093765098,4387.019460027522,residential,2.2
I_00625,16.247485116302983,107.30708059061668,33.068745920065325,normal,1.0
I_00626,16.64663539421003,107.49446942932101,10903.657788236873,residential,2.2
I_00627,16.302702022073298,108.03188450318412,40.473482122527116,normal,1.0
I_00628,16.34607469769877,107.91062827643755,2544.2302533221973,residential,5.7
I_00629,16.229694501364847,107.20439082783334,29.5843264899096,residential,2.2
I_00630,16.30857618411877,107.74851922436073,18.542047472505317,industrial,2.5
I_00631,16.30989027139526,107.38789094024001,135.39623540581496,residential,2.2
I_00632,16.164140247901738,107.71911420130662,4179.5235588198675,residential,5.2
I_00633,16.33046300518608,107.6260959915192,184.50751891624594,normal,1.0
I_00634,16.377023726029165,107.85581999480004,1261.0101319063401,normal,1.0
I_00635,16.27007438678674,108.02648911346319,218.28690483632408,normal,1.0
I_00636,16.324262422473,107.17561226725903,273.3843573155226,residential,2.2
I_00637,16.33228447609531,107.62480303293802,285.2117646536114,normal,1.0
I_00638,16.45626053693215,107.71873033500067,7410.106611458042,residential,5.7
I_00639,16.231861216027465,107.20450002653808,38.55833324091702,residential,2.2
I_00640,16.108442015624266,107.6514728443639,49.964142214694235,normal,1.0
I_00641,16.421669378905555,107.82543404727899,1283.4130588612954,normal,1.0
I_00642,16.597400437491178,107.488183460949,2174.61849130612,residential,2.2
I_00643,16.3091853296138,107.75051481849675,22.97058178180003,industrial,2.5
I_00644,16.390054859518187,107.48104838118621,477.83059388855503,normal,1.0
I_00645,16.249371688387775,107.31007405635788,42.29745959606736,normal,1.0
I_00646,16.16552912449689,107.71995098405544,3604.7630538564604,residential,5.2
I_00647,16.37040647002573,107.04854228682433,401.4847938314526,residential,2.2
I_00648,16.450479141776103,107.6532945299506,554.2657840899781,normal,1.0
I_00649,16.308181487095567,107.74797057797274,29.355293014160583,industrial,2.5
I_00650,16.107948059645334,107.6502838038144,41.00815483248084,normal,1.0
I_00651,16.282340621686878,107.97896690645244,2588.239215235918,residential,2.2
I_00652,16.398399781015357,107.07410583807143,35.894780175079475,residential,2.2
I_00653,16.723329991333774,107.4054743294991,61.467883426663775,residential,2.2
I_00654,16.590538568415617,107.58211992447279,371.99383669170857,normal,1.0
I_00655,16.11289056046685,107.39463747582543,248.63185276801718,residential,2.2
I_00656,16.582221593473676,107.52411307823392,3136.0328274514554,residential,2.2
I_00657,16.28040732765918,107.97837981603547,1560.0629025759401,residential,2.2
I_00658,16.333661774162426,108.02002230449625,25.26761836083156,industrial,2.5
I_00659,16.423108307510248,107.46234417189075,18.930168476191756,normal,1.0
I_00660,16.358771761552727,107.76543117623709,30.174415502268634,normal,1.0
I_00661,16.342704283708308,107.15475130241383,56.584296508631546,residential,2.2
I_00662,16.395751155152826,107.07493582586457,35.18213168667534,residential,2.2
I_00663,16.513432449649873,107.6421102648562,704.4754228074087,residential,2.2
I_00664,16.23038949620006,107.20478597121642,27.391738680392695,residential,2.2
I_00665,16.5961761451416,107.38349670036072,272.81743389975014,residential,3.7
I_00666,16.309227869890673,107.7491116154331,29.436946095227967,industrial,2.5
I_00667,16.34583419043251,107.90931385091473,1791.7121439593955,residential,5.7
I_00668,16.332540578813276,108.02110211131405,16.809343505212265,industrial,2.5
I_00669,16.30369841777619,108.03141998428127,61.797928314624045,normal,1.0
I_00670,16.517243859188884,107.28917832373075,202.20785956529156,residential,2.2
I_00671,16.560928733916253,107.59763602919637,9053.135413119031,residential,2.2
I_00672,16.084575128801948,107.36529540129112,543.9129247360003,residential,2.2
I_00673,16.248918773007272,107.69026046330853,41.5506143660443,normal,1.0
I_00674,16.378262558687005,107.46035342812678,40.59367133704774,normal,1.0
I_00675,16.330679546378075,107.41512957190432,15.215045895504337,residential,2.2
I_00676,16.39618441180451,107.59174768241037,59.54983914825647,normal,1.0
I_00677,16.515428659805583,107.28692582173078,162.60992314882114,residential,2.2
I_00678,16.398415417357427,107.71758011666802,1036.2248487439797,residential,2.2
I_00679,16.458973248366163,107.71807853805727,6915.673426144725,residential,3.7
I_00680,16.27059367330864,107.78027148475748,107.40900873455682,normal,1.0
I_00681,16.556231752018903,107.32165334263925,84.04089311603524,residential,2.2
I_00682,16.11010013790535,107.64997501206983,56.403019973720966,normal,1.0
I_00683,16.23287155194195,108.08153332243205,4866.511960784374,hospitals,6.0
I_00684,16.55658750104723,107.31995262646592,65.1274585530152,residential,2.2
I_00685,16.333229625872676,107.95492556697954,127.21509484607385,normal,1.0
I_00686,16.424972985670415,107.46235791405935,17.857456644588126,normal,1.0
I_00687,16.540432807015844,107.43044235314728,20672.61981878169,residential,3.7
I_00688,16.470926437550414,107.61090409013163,46228.75547439794,residential,9.7
I_00689,16.33076651471885,107.41325489064704,24.643978203755744,residential,2.2
I_00690,16.51857200193464,107.38550871963027,59.308903578666914,residential,2.2
I_00691,16.556450586935533,107.32054922680584,59.76673896187978,residential,2.2
I_00692,16.73592355580723,107.3952651887112,14.313027696125483,residential,2.2
I_00693,16.449209749349397,107.65357900109368,401.75204170775424,normal,1.0
I_00694,16.229410719918203,107.20355270073162,27.87958394880029,residential,2.2
I_00695,16.237533166898036,107.25544800805163,5755.162276136524,residential,2.2
I_00696,16.239379866995066,107.25748304925442,4499.713301355002,residential,2.2
I_00697,16.372339528754246,107.0479451389825,379.7211414435173,residential,2.2
I_00698,16.59694982688397,107.38261063422026,224.65685020561375,residential,3.7
I_00699,16.375860052078938,107.46068402735074,39.57568569765304,normal,1.0
I_00700,16.58275417971134,107.52533959479274,2188.8182083931647,residential,2.2
I_00701,16.112944341384907,107.39574780834998,151.89722521705397,residential,2.2
I_00702,16.3091518276265,107.38688134961056,150.9811853515072,residential,2.2
I_00703,16.087413032751556,107.38406406285274,19.160520672869207,residential,2.2
I_00704,16.644247973382942,107.49753030389763,9397.526968427384,residential,2.2
I_00705,16.644820956539103,107.49429240237079,6203.109515395985,residential,2.2
I_00706,16.223247574967367,108.04264778358892,103.5387569230457,normal,1.0
I_00707,16.352596887962154,107.44685859846764,87.02567581940309,normal,1.0
I_00708,16.390719243905096,107.48116757777781,612.5238654674068,normal,1.0
I_00709,16.34324377360291,107.15511696499645,52.08975886901889,residential,2.2
I_00710,16.42282845022126,107.46412661608547,14.627736202572718,normal,1.0
I_00711,16.23836247344881,107.25552719293283,3855.453845065197,residential,2.2
I_00712,16.341672947395047,107.54349459279588,16.036865085737716,normal,1.0
I_00713,16.37473845265361,107.85475340376075,1527.7990610717598,normal,1.0
I_00714,16.33085642587408,107.41233389558086,26.646621914643784,residential,2.2
I_00715,16.578100235765323,107.32557450486838,25.261373638334593,residential,2.2
I_00716,16.351020343658195,107.4460035951561,74.29299211475833,normal,1.0
I_00717,16.556048932242664,107.3210555597399,98.88191083607086,residential,2.2
I_00718,16.484918257458776,107.54703728035469,21916.464366546636,residential,3.7
I_00719,16.562361649426393,107.60090991259675,10229.055005699085,residential,2.2
I_00720,16.396774032359946,107.5926767580214,61.38750658909646,normal,1.0
I_00721,16.586032442675464,107.52569595073521,3745.6837282656415,residential,2.2
I_00722,16.540456168273405,107.43033048783951,20100.28977426312,residential,3.7
I_00723,16.398101995279994,107.71805492359158,1250.5703831876697,residential,2.2
I_00724,16.313087504154318,108.01275576367114,289.9059324382475,residential,3.7
I_00725,16.595156123828968,107.38308392163246,236.48572434811243,residential,3.7
I_00726,16.084913233570937,107.36575217904594,396.17543646027315,residential,2.2
I_00727,16.345706038875015,107.91043412046746,2157.9039219401716,residential,5.7
I_00728,16.281965721491083,107.20983371306974,848.5449943156307,residential,2.2
I_00729,16.514992717478425,107.64170203094726,697.3317049058671,residential,2.2
I_00730,16.59168800140126,107.5822304768096,393.31248510767426,normal,1.0
I_00731,16.519110731324268,107.38538733705482,53.984292547993924,residential,2.2
I_00732,16.604844750894326,107.4482579773101,62.32883325512339,residential,2.2
I_00733,16.331899993670234,107.41306771920374,21.853634895176718,residential,2.2
I_00734,16.338594759626748,107.54192586552885,12.680591501122816,normal,1.0
I_00735,16.51603500562701,107.28852019721077,199.30751118222946,residential,2.2
I_00736,16.22209762011354,108.04437160553789,88.83625124096584,normal,1.0
I_00737,16.369979595323606,107.11826492987873,348.33490086186436,residential,2.2
I_00738,16.515983160348497,107.2878244289723,173.49908437989467,residential,2.2
I_00739,16.39865128347104,107.0750528895527,30.824435385758694,residential,2.2
I_00740,16.51838084008089,107.28917088161522,210.32945523859408,residential,2.2
I_00741,16.085746561429495,107.36526005569402,295.6014573575873,residential,2.2
I_00742,16.163899717585423,107.72034904469176,3615.83868958803,residential,5.2
I_00743,16.604228168542914,107.44801357548563,48.67216823850874,residential,2.2
I_00744,16.294170841619714,107.34630406167301,212.79530868277695,residential,2.2
I_00745,16.59034143442831,107.58333275187499,347.49772415663534,normal,1.0
I_00746,16.29369157368007,107.34630629370241,211.03096465990075,residential,2.2
I_00747,16.424132604205376,107.4651339461082,18.12151630231012,normal,1.0
I_00748,16.11063913502731,107.65132353523761,54.99600756927093,normal,1.0
I_00749,16.312103551719343,108.01237581703109,355.65296063833614,residential,3.7
I_00750,16.606325627296062,107.44761778157506,59.14809362418411,residential,2.2
I_00751,16.591141482788707,107.58195473317703,470.4863879665339,normal,1.0
I_00752,16.248082430416538,107.30915943487254,39.22776652199608,normal,1.0
I_00753,16.16606589485133,107.71786930913672,3360.1480508748896,residential,5.2
I_00754,16.350672386450498,107.44622780054583,73.75578435324861,normal,1.0
I_00755,16.644593185846972,107.49456330964665,11142.689510986458,residential,2.2
I_00756,16.339298310544805,107.54196895197647,15.804209683515092,normal,1.0
I_00757,16.396840802646516,107.0753621759056,40.8129475528169,residential,2.2
I_00758,16.248982148203826,107.20789777874958,35.113183615772456,residential,2.2
I_00759,16.646659231276622,107.4953165181979,5934.381854760648,residential,2.2
I_00760,16.39198853934025,107.48014227562263,500.74799174213956,normal,1.0
I_00761,16.115351585308623,107.39329161190231,177.93353254422718,residential,2.2
I_00762,16.330208247523025,107.41038266647504,28.825477791618216,residential,2.2
I_00763,16.340467543493396,107.54252139202445,17.210453436657087,normal,1.0
I_00764,16.32419612810248,107.69501690922041,7.601335303496537,normal,1.0
I_00765,16.24638392618515,107.30692966114218,32.014645857655694,normal,1.0
I_00766,16.1662469777394,107.71822229956409,2702.8829745774156,residential,5.2
I_00767,16.39866716141964,107.718244417438,995.2084373610828,residential,2.2
I_00768,16.539162836983554,107.43093269404648,12562.845098706097,residential,3.7
I_00769,16.605052808644874,107.45096025378093,61.79272641938662,residential,2.2
I_00770,16.30983111126967,107.75003025556799,16.40413903419259,industrial,2.5
I_00771,16.583614789564876,107.5244905676534,2937.875637172452,residential,2.2
I_00772,16.516207728799326,107.38392152824937,51.82779974065437,residential,2.2
I_00773,16.359715659813407,107.76376115971193,33.38963098434752,normal,1.0
I_00774,16.657502439243622,107.3750366096505,8338.297200363413,residential,2.2
I_00775,16.556682618749754,107.31918644948593,75.67880781779843,residential,2.2
I_00776,16.24742977461298,107.68764235127152,34.171227310616764,normal,1.0
I_00777,16.723356170750478,107.40542438380909,67.37553515856906,residential,2.2
I_00778,16.5990762348553,107.48889662692984,1248.4066911533198,residential,2.2
I_00779,16.279259611083663,107.97855424819402,2816.82797353355,residential,2.2
I_00780,16.470225507638553,107.61167968527643,75679.32324539899,residential,9.7
I_00781,16.37847838280322,107.45994837612666,43.3613681305383,normal,1.0
I_00782,16.48562798981176,107.54635107228214,27510.817277256327,residential,3.7
I_00783,16.37210867821728,107.04940204240853,330.67925559901647,residential,2.2
I_00784,16.45710458860796,107.71707717394011,5264.601377105878,residential,8.7
I_00785,16.721981150894756,107.40703459053425,63.64442616860381,residential,2.2
I_00786,16.329935844044883,107.41431549812495,20.89558612122954,residential,2.2
I_00787,16.295511764060794,107.34641878490699,241.04257662264845,residential,2.2
I_00788,16.308915632839852,107.74911127334317,21.00194267790791,industrial,2.5
I_00789,16.399522321086426,107.71812971528271,801.0253642848496,residential,2.2
I_00790,16.53022255799951,107.69301054586937,37540.27756601634,normal,1.0
I_00791,16.59678889521765,107.38225225435511,260.31295363262984,residential,3.7
I_00792,16.14405015347763,107.75720147389121,62.612055377365955,residential,2.2
I_00793,16.557404755796675,107.3229610614406,94.19516948439933,residential,2.2
I_00794,16.37758515957058,107.45888692552872,29.646303664511265,normal,1.0
I_00795,16.367887127258925,107.11718985286835,237.21053710132472,residential,2.2
I_00796,16.721623237785234,107.40672088095849,39.07448574353881,residential,2.2
I_00797,16.24723192335307,107.69165307467928,50.31160593922491,normal,1.0
I_00798,16.164449669338246,107.71996316534039,4134.5050270939555,residential,5.2
I_00799,16.45693725305815,107.71917633890556,6367.393223169161,residential,3.7
