site_id,i_ref,latitude,longitude,pop,priority_category,priority_weight,slope,dist_to_road_m,in_water
J_00000,I_00000,16.468165299999995,107.58545139999998,265018.05760860443,residential,4.7,0.0,1.0393358975682817e-09,False
J_00001,I_00000,16.4677869,107.58330639999998,264887.37184143066,residential,4.7,0.0,1.142496740855519e-09,False
J_00002,I_00000,16.468559,107.58276439999999,264601.26998233795,residential,4.7,0.0,9.958425889550028e-10,False
J_00003,I_00000,16.4686773,107.5827577,264152.5735864639,residential,4.7,0.0,0.0,False
J_00004,I_00000,16.4685998,107.58912439999999,259329.7650899887,residential,4.7,0.0,0.0,False
J_00005,I_00000,16.4715317,107.5876065,258468.65843391418,residential,4.7,0.0,0.0,False
J_00006,I_00000,16.471572,107.58752279999999,258072.9810962677,residential,4.7,0.0,0.0,False
J_00007,I_00000,16.471275500000004,107.5801291,250243.79380702972,residential,4.7,0.0,0.0,False
J_00008,I_00000,16.473476299999998,107.5835237,249770.47067165375,residential,4.7,0.0,0.0,False
J_00009,I_00000,16.45979859999999,107.5863427,246769.28498268127,residential,4.7,0.0,4.2914099408535855e-10,False
J_00010,I_00000,16.4566862,107.5833919,239702.25586605072,residential,4.7,0.0,0.0,False
J_00011,I_00000,16.4567361,107.5852417,238696.00297546387,residential,4.7,0.0,0.0,False
J_00012,I_00000,16.4646679,107.59354759999998,236850.3083267212,residential,4.7,0.0,0.0,False
J_00013,I_00000,16.474038099999994,107.5794837,236776.95865917206,residential,4.7,0.0,5.873515505698414e-10,False
J_00014,I_00000,16.4665149,107.59493030000002,235106.26792526245,residential,4.7,0.0,1.862645149230957e-09,False
J_00015,I_00000,16.4702451,107.59597779999999,233346.37075042725,residential,4.7,0.0,7.520910958154482e-10,False
J_00016,I_00000,16.470380100000003,107.5960167,232724.41564178467,residential,4.7,0.0,1.4168449558642113e-10,False
J_00017,I_00000,16.473638,107.5776332,230730.51892089844,residential,4.7,0.0,0.0,False
J_00018,I_00000,16.457240799999997,107.5908892,227972.0710363388,residential,4.7,0.0,2.314229293218181e-10,False
J_00019,I_00000,16.477836399999997,107.58116689999999,227299.01155281067,residential,4.7,0.0,9.71116403802275e-10,False
J_00020,I_00000,16.477419099999995,107.5798914,225818.36724948883,residential,4.7,0.0,1.9744720127501458e-10,False
J_00021,I_00000,16.468012799999997,107.5737467,224082.42754936218,residential,4.7,0.0,1.7805941463843673e-10,False
J_00022,I_00000,16.467964,107.5736863,223950.55946922302,residential,4.7,0.0,0.0,False
J_00023,I_00000,16.4784163,107.5888012,222422.86438465118,residential,4.7,0.0,0.0,False
J_00024,I_00000,16.465735399999993,107.5982054,218972.33033943176,residential,4.7,0.0,1.0667968889175721e-10,False
J_00025,I_00000,16.464769599999997,107.59885649999998,215519.71219348907,residential,4.7,0.0,1.877140660839749e-09,False
J_00026,I_00000,16.4567742,107.59467689999998,213626.1535835266,residential,4.7,0.0,0.0,False
J_00027,I_00000,16.456603199999993,107.59467599999999,212865.4732837677,residential,4.7,0.0,1.8626194390430791e-09,False
J_00028,I_00000,16.4573107,107.57394809999998,212693.26263141632,residential,4.7,0.0,8.712717611424849e-10,False
J_00029,I_00000,16.454031699999998,107.5770069,212000.3105211258,residential,4.7,0.0,0.0,False
J_00030,I_00000,16.475754200000004,107.5969195,211661.97230052948,residential,4.7,0.0,4.656612873077393e-10,False
J_00031,I_00000,16.4728063,107.57335219999999,210820.2429485321,residential,4.7,0.0,1.4604778039667161e-09,False
J_00032,I_00000,16.457076899999993,107.5738196,210799.16320037842,residential,4.7,0.0,8.132879987183622e-11,False
J_00033,I_00000,16.475936299999997,107.59704770000002,210397.16757583618,residential,4.7,0.0,2.131887906617238e-10,False
J_00034,I_00000,16.468821199999997,107.6004679,209949.3534231186,residential,4.7,0.0,0.0,False
J_00035,I_00000,16.469826599999994,107.60061459999999,209394.4246377945,residential,4.7,0.0,8.395342153732482e-10,False
J_00036,I_00000,16.451391599999997,107.58018759999999,206059.48631191254,residential,4.7,0.0,1.859773690646275e-09,False
J_00037,I_00000,16.4580215,107.59821329999998,203913.75498867035,residential,4.7,0.0,0.0,False
J_00038,I_00000,16.477137000000006,107.5970386,203809.74376773834,residential,4.7,0.0,9.225584280919067e-10,False
J_00039,I_00000,16.4670796,107.5697916,203343.4214630127,residential,4.7,0.0,0.0,False
J_00040,I_00000,16.454522100000002,107.5957109,200545.28912353516,residential,4.7,0.0,0.0,False
J_00041,I_00000,16.4719369,107.5710294,199927.7842683792,residential,4.7,0.0,0.0,False
J_00042,I_00000,16.482654600000004,107.58315859999999,199338.84398174286,residential,4.7,0.0,1.4156491249436862e-10,False
J_00043,I_00000,16.4718977,107.60259479999999,198705.38154792786,residential,4.7,0.0,0.0,False
J_00044,I_00000,16.4536012,107.5954145,197528.9293241501,residential,4.7,0.0,0.0,False
J_00045,I_00000,16.4832399,107.57957999999999,194604.0165977478,residential,4.7,0.0,0.0,False
J_00046,I_00000,16.473031399999996,107.57046789999998,194029.33998775482,residential,4.7,0.0,1.1152367137777773e-09,False
J_00047,I_00000,16.4504372,107.59105589999999,192874.38699913025,residential,4.7,0.0,0.0,False
J_00048,I_00000,16.4551968,107.59931929999999,191976.74708652496,residential,4.7,0.0,0.0,False
J_00049,I_00000,16.4829534,107.58954959999998,191114.095287323,residential,4.7,0.0,0.0,False
J_00050,I_00000,16.453550900000003,107.59866749999999,189722.36903858185,residential,4.7,0.0,1.8803254002024256e-09,False
J_00051,I_00000,16.4836674,107.5787303,189451.92593860626,residential,4.7,0.0,0.0,False
J_00052,I_00000,16.469065,107.6047434,188228.91841602325,residential,4.7,0.0,0.0,False
J_00053,I_00000,16.448279600000003,107.58405610000001,188038.86845111847,residential,4.7,0.0,8.655081577975444e-11,False
J_00054,I_00000,16.456020900000002,107.6021414,184924.73826694489,residential,4.7,0.0,0.0,False
J_00055,I_00000,16.455448199999996,107.6022609,183009.56585884094,residential,4.7,0.0,2.3283064365386963e-10,False
J_00056,I_00000,16.479646500000005,107.57275939999998,181875.62291812897,residential,4.7,0.0,0.0,False
J_00057,I_00000,16.472977199999995,107.5684052,180790.3090620041,residential,4.7,0.0,0.0,False
J_00058,I_00000,16.4730272,107.56836619999999,180622.08593273163,residential,4.7,0.0,0.0,False
J_00059,I_00000,16.4659379,107.6066007,175392.1041021347,residential,4.7,0.0,0.0,False
J_00060,I_00000,16.475321500000003,107.56800949999999,172091.10739803314,residential,4.7,0.0,1.3144088040355243e-09,False
J_00061,I_00000,16.4453931,107.58536229999999,171631.62845802307,residential,4.7,0.0,0.0,False
J_00062,I_00000,16.4878308,107.58067330000002,170628.39428806305,residential,4.7,0.0,1.862645149230957e-09,False
J_00063,I_00000,16.449597899999997,107.6039121,170274.4970588684,residential,4.7,0.0,0.0,False
J_00064,I_00000,16.487982500000005,107.58027369999999,169610.57633781433,residential,4.7,0.0,7.785160050979557e-10,False
J_00065,I_00000,16.4880777,107.5805553,169452.4706287384,residential,4.7,0.0,0.0,False
J_00066,I_00000,16.4675723,107.5650527,169367.580452919,residential,4.7,0.0,0.0,False
J_00067,I_00000,16.490109700000005,107.58161689999999,161135.7029762268,residential,4.7,0.0,0.0,False
J_00068,I_00000,16.490793899999996,107.58400449999999,158488.62859535217,residential,4.7,0.0,3.647562978452887e-11,False
J_00069,I_00000,16.4488504,107.60777889999999,158016.66089630127,residential,4.7,0.0,0.0,False
J_00070,I_00000,16.442326199999993,107.6017164,156992.7073917389,residential,4.7,0.0,2.6040340324125207e-10,False
J_00071,I_00000,16.4421354,107.6015496,156438.28777980804,residential,4.7,0.0,0.0,False
J_00072,I_00000,16.4424445,107.58282289999998,152093.95508003235,residential,4.7,0.0,0.0,False
J_00073,I_00000,16.4697255,107.61163199999999,150954.97621631622,residential,4.7,0.0,0.0,False
J_00074,I_00000,16.473448999999995,107.56223869999998,150164.49065685272,residential,4.7,0.0,1.877140660839749e-09,False
J_00075,I_00000,16.4658718,107.5612175,148454.91635417938,residential,4.7,0.0,0.0,False
J_00076,I_00000,16.4790819,107.6090463,147385.5111837387,residential,4.7,0.0,0.0,False
J_00077,I_00000,16.4805741,107.56609859999999,146984.74723052979,residential,4.7,0.0,1.6593507729382731e-09,False
J_00078,I_00000,16.460610800000005,107.6128529,140462.90746307373,residential,4.7,0.0,2.9108286245849573e-12,False
J_00079,I_00000,16.4769189,107.6116477,140047.5346698761,residential,4.7,0.0,0.0,False
J_00080,I_00000,16.4770644,107.61164449999998,139907.4373550415,residential,4.7,0.0,1.4283103869780174e-11,False
J_00081,I_00000,16.483014799999992,107.56326379999999,139590.1594657898,residential,4.7,0.0,5.160696311919337e-10,False
J_00082,I_00000,16.494461800000003,107.5756559,139224.5648574829,residential,4.7,0.0,0.0,False
J_00083,I_00000,16.469889499999997,107.55955449999999,139216.77603149414,residential,4.7,0.0,0.0,False
J_00084,I_00000,16.437911699999997,107.60087819999998,138379.8925113678,residential,4.7,0.0,1.574981668452879e-10,False
J_00085,I_00000,16.4776579,107.6115586,137657.4981250763,residential,4.7,0.0,0.0,False
J_00086,I_00000,16.4703318,107.55926489999999,137615.5596485138,residential,4.7,0.0,1.0176963201169882e-09,False
J_00087,I_00000,16.470211000000003,107.55907179999998,136997.83565711975,residential,4.7,0.0,0.0,False
J_00088,I_00000,16.4700489,107.55882769999998,136613.83011054993,residential,4.7,0.0,1.6731539407026076e-09,False
J_00089,I_00000,16.4955856,107.5759148,134803.10224819183,residential,4.7,0.0,0.0,False
J_00090,I_00000,16.481686599999996,107.6099036,131909.9793357849,residential,4.7,0.0,2.9230292213477265e-12,False
J_00091,I_00000,16.481687699999995,107.6100296,131643.30736351013,residential,4.7,0.0,2.3110104610600705e-12,False
J_00092,I_00000,16.481046299999996,107.5606568,130880.03323554993,residential,4.7,0.0,1.8192960814343533e-10,False
J_00093,I_00000,16.455927799999998,107.6152923,128464.04142284393,residential,4.7,0.0,0.0,False
J_00094,I_00000,16.4559588,107.55936949999999,126131.18132686615,residential,4.7,0.0,1.6846040212251232e-09,False
J_00095,I_00000,16.441687899999998,107.60859889999999,123685.95665740967,residential,4.7,0.0,0.0,False
J_00096,I_00000,16.459688499999995,107.61669519999998,123119.73145389557,residential,4.7,0.0,4.6564055575395346e-10,False
J_00097,I_00000,16.4864583,107.5608347,122172.39637374878,residential,4.7,0.0,0.0,False
J_00098,I_00000,16.4698092,107.61788729999999,117595.46199321747,residential,4.7,0.0,1.902643920511144e-11,False
J_00099,I_00000,16.4878142,107.6074825,116297.96091747284,residential,4.7,0.0,0.0,False
J_00100,I_00000,16.4637186,107.61848009999999,114660.52070522308,residential,4.7,0.0,1.6854582679883757e-11,False
J_00101,I_00000,16.46372,107.6186243,113692.59419250488,residential,4.7,0.0,0.0,False
J_00102,I_00000,16.4840357,107.61254129999999,110634.9110326767,residential,4.7,0.0,0.0,False
J_00103,I_00000,16.480774499999995,107.553397,109507.02252483368,residential,4.7,0.0,2.3283064365386963e-10,False
J_00104,I_00000,16.4981798,107.5951288,109104.642537117,residential,4.7,0.0,0.0,False
J_00105,I_00000,16.4870715,107.61027949999999,107665.07260131836,residential,4.7,0.0,1.685481593129615e-09,False
J_00106,I_00000,16.4575755,107.55414339999999,104809.51470470428,residential,4.7,0.0,0.0,False
J_00107,I_00000,16.4998797,107.59449479999999,103476.12088775635,residential,4.7,0.0,1.0030778087012427e-09,False
J_00108,I_00000,16.48783649999999,107.6109445,102657.36543941498,residential,4.7,0.0,2.3283064365386963e-10,False
J_00109,I_00000,16.453833500000002,107.61910899999998,99784.57706737518,residential,4.7,0.0,1.1450854317541838e-10,False
J_00110,I_00000,16.446628299999997,107.61642569999998,97094.64704227448,residential,4.7,0.0,1.1225035952861562e-10,False
J_00111,I_00000,16.502662,107.5795747,97040.8962726593,residential,4.7,0.0,0.0,False
J_00112,I_00000,16.4682838,107.62203009999999,91924.45404815674,residential,4.7,0.0,6.411084963049822e-10,False
J_00113,I_00000,16.503542600000003,107.5912602,90851.98980140686,residential,4.7,0.0,0.0,False
J_00114,I_00000,16.441762799999996,107.61479680000001,90492.25581741333,residential,4.7,0.0,1.5409969458267264e-09,False
J_00115,I_00000,16.448303799999998,107.61888449999998,90243.9965543747,residential,4.7,0.0,2.0312853857741813e-10,False
J_00116,I_00000,16.50108399999999,107.5996189,88478.38659381866,residential,4.7,0.0,0.0,False
J_00117,I_00000,16.497553999999994,107.5638416,88397.81039619446,residential,4.7,0.0,1.9899422992086444e-11,False
J_00118,I_00000,16.4459622,107.6187339,84305.97890853882,residential,4.7,0.0,0.0,False
J_00119,I_00000,16.4934238,107.61417399999999,82226.54705524445,residential,4.7,0.0,1.6737452040358203e-09,False
J_00120,I_00000,16.4463958,107.62011689999999,80173.84038543701,residential,4.7,0.0,2.0538458743418492e-10,False
J_00121,I_00000,16.4938824,107.55722929999999,79127.90930843353,residential,4.7,0.0,0.0,False
J_00122,I_00000,16.487409899999996,107.5502978,78739.5599975586,residential,4.7,0.0,2.335939310094027e-10,False
J_00123,I_00000,16.4970856,107.5606688,78434.73686408997,residential,4.7,0.0,0.0,False
J_00124,I_00000,16.505851899999993,107.57836639999998,77162.02928066254,residential,4.7,0.0,2.4806807482345645e-10,False
J_00125,I_00000,16.442317800000005,107.6201164,70937.5499382019,residential,4.7,0.0,5.936385296901447e-11,False
J_00126,I_00000,16.4870115,107.54729089999998,70227.14170837402,residential,4.7,0.0,0.0,False
J_00127,I_00000,16.462307199999998,107.54171409999998,69539.94766044617,residential,4.7,0.0,1.521530956300592e-10,False
J_00128,I_00000,16.506015900000005,107.60107669999998,68901.28368091583,residential,4.7,0.0,2.1517539718126683e-10,False
J_00129,I_00000,16.506228299999997,107.5737598,68548.85377979279,residential,4.7,0.0,8.550098846883685e-11,False
J_00130,I_00000,16.4415759,107.62039669999999,68352.42186450958,residential,4.7,0.0,8.383736449596117e-10,False
J_00131,I_00000,16.4813676,107.62295259999999,67438.92982387543,residential,4.7,0.0,6.038868164484632e-12,False
J_00132,I_00000,16.468870599999995,107.53919559999999,67323.8763513565,residential,4.7,0.0,4.8588877538654805e-12,False
J_00133,I_00000,16.4951894,107.5542453,66797.57645702362,residential,4.7,0.0,0.0,False
J_00134,I_00000,16.496840599999995,107.6157295,66749.22968292236,residential,4.7,0.0,0.0,False
J_00135,I_00000,16.442894000000003,107.62271079999998,63082.36504459381,residential,4.7,0.0,9.93885848456558e-11,False
J_00136,I_00000,16.5075338,107.6017802,63036.161313056946,residential,4.7,0.0,0.0,False
J_00137,I_00000,16.5023329,107.56048349999999,62707.855034828186,residential,4.7,0.0,1.2329856721540083e-09,False
J_00138,I_00000,16.5118065,107.5978419,52205.60322666168,residential,4.7,0.0,0.0,False
J_00139,I_00000,16.442596599999995,107.5472498,51722.70866012573,residential,4.7,0.0,2.285808619262179e-10,False
J_00140,I_00000,16.486977500000002,107.6245916,50441.98031330109,residential,4.7,0.0,0.0,False
J_00141,I_00000,16.4722247,107.62865749999999,48932.64109611511,residential,4.7,0.0,3.303524547182509e-11,False
J_00142,I_00000,16.478736199999997,107.5357307,48235.895904541016,residential,4.7,0.0,0.0,False
J_00143,I_00000,16.51152709999999,107.60485279999999,47130.738602638245,residential,4.7,0.0,1.8458302778147905e-09,False
J_00144,I_00000,16.4414485,107.62654039999998,46929.14685726166,residential,4.7,0.0,1.6727440654232995e-09,False
J_00145,I_00000,16.4873169,107.62546869999998,46701.154030799866,residential,4.7,0.0,0.0,False
J_00146,I_00000,16.5152435,107.5858363,46217.61562538147,residential,4.7,0.0,0.0,False
J_00147,I_00000,16.4769171,107.53303439999999,42611.37776660919,residential,4.7,0.0,0.0,False
J_00148,I_00000,16.513539799999997,107.6021026,42315.82784938812,residential,4.7,0.0,4.004683507680386e-11,False
J_00149,I_00000,16.476618099999996,107.53275979999998,42139.34258937836,residential,4.7,0.0,3.8792880276155235e-10,False
J_00150,I_00000,16.517388199999996,107.58641319999998,39809.56889820099,residential,4.7,0.0,7.570539549056889e-10,False
J_00151,I_00000,16.5174457,107.5865103,39645.60713672638,residential,4.7,0.0,0.0,False
J_00152,I_00000,16.512424599999996,107.6091401,39600.996430397034,residential,4.7,0.0,1.1879266861782293e-10,False
J_00153,I_00000,16.51320739999999,107.5701345,38266.2675743103,residential,4.7,0.0,6.984919309616089e-10,False
J_00154,I_00000,16.5135115,107.607746,38154.23600482941,residential,4.7,0.0,0.0,False
J_00155,I_00000,16.423926699999996,107.6618475,37481.89730262756,residential,4.7,0.0,4.279511994873437e-10,False
J_00156,I_00000,16.419363799999996,107.6711065,35358.63020515442,residential,4.7,0.0,0.0,False
J_00157,I_00000,16.491029500000007,107.5336634,35007.207297325134,residential,4.7,0.0,1.2096381870613778e-10,False
J_00158,I_00000,16.414893500000005,107.67411049999998,34683.204723358154,residential,4.7,0.0,1.0959486567876045e-09,False
J_00159,I_00000,16.413117199999995,107.67115719999998,34348.16274166107,residential,4.7,0.0,1.2253729708991818e-09,False
J_00160,I_00000,16.4125402,107.67447729999999,34198.91066646576,residential,4.7,0.0,0.0,False
J_00161,I_00000,16.515144,107.6096608,33157.395213127136,residential,4.7,0.0,0.0,False
J_00162,I_00000,16.419748200000004,107.65027119999999,33032.90829372406,residential,4.7,0.0,1.877140660839749e-09,False
J_00163,I_00000,16.435824700000005,107.54573129999999,32861.32902240753,residential,4.7,0.0,1.1722560027749476e-09,False
J_00164,I_00000,16.4101375,107.6768585,32623.491006851196,residential,4.7,0.0,0.0,False
J_00165,I_00000,16.410389799999997,107.68109229999999,31251.694270133972,residential,4.7,0.0,1.4967203166973014e-09,False
J_00166,I_00000,16.520515499999995,107.590823,30934.96251487732,residential,4.7,0.0,1.948906822656009e-10,False
J_00167,I_00000,16.42956119999999,107.63742569999998,30610.694383621216,residential,4.7,0.0,1.877140660839749e-09,False
J_00168,I_00000,16.490427099999998,107.63036470000002,30574.74707698822,residential,4.7,0.0,1.616508420096993e-09,False
J_00169,I_00000,16.494018500000003,107.53195969999999,30031.698711395264,residential,4.7,0.0,0.0,False
J_00170,I_00000,16.5194775,107.57100109999999,29905.763531684875,residential,4.7,0.0,0.0,False
J_00171,I_00000,16.4939003,107.5318195,29697.495391845703,residential,4.7,0.0,0.0,False
J_00172,I_00000,16.450420499999996,107.52930339999999,29063.78071975708,residential,4.7,0.0,0.0,False
J_00173,I_00000,16.420844100000004,107.62225779999999,29004.819177627563,residential,4.7,0.0,1.481791282241638e-09,False
J_00174,I_00000,16.4929751,107.63033819999998,28836.09051322937,residential,4.7,0.0,0.0,False
J_00175,I_00000,16.459090599999996,107.63426249999999,28703.052443504333,residential,4.7,0.0,4.707187273071111e-10,False
J_00176,I_00000,16.5221005,107.57779489999999,28566.26642513275,residential,4.7,0.0,0.0,False
J_00177,I_00000,16.516070199999998,107.61256719999999,28504.382244110107,residential,4.7,0.0,1.8346314870559067e-09,False
J_00178,I_00000,16.408827799999997,107.64815080000001,28220.51775074005,residential,4.7,0.0,0.0,False
J_00179,I_00000,16.4008798,107.671077,27464.00313091278,residential,4.7,0.0,0.0,False
J_00180,I_00000,16.505425,107.51943689999999,25528.984351158142,residential,4.7,0.0,1.63545492276901e-09,False
J_00181,I_00000,16.5236785,107.57086409999998,25484.477487564087,residential,4.7,0.0,1.8601635370973645e-09,False
J_00182,I_00000,16.517265199999997,107.6132178,24885.60298061371,residential,4.7,0.0,3.452285211557107e-12,False
J_00183,I_00000,16.4906766,107.6378328,24850.286542892456,residential,4.7,0.0,0.0,False
J_00184,I_00000,16.5133668,107.49753739999998,24400.95475578308,residential,4.7,0.0,0.0,False
J_00185,I_00000,16.5133132,107.49738109999998,24344.483472824097,residential,4.7,0.0,0.0,False
J_00186,I_00000,16.5194875,107.47948879999998,24237.257018089294,residential,4.7,0.0,6.670281028033326e-10,False
J_00187,I_00000,16.513768700000004,107.5142737,24143.432249069214,residential,4.7,0.0,4.0351586424200095e-10,False
J_00188,I_00000,16.518226399999996,107.50113079999998,23997.621816635132,residential,4.7,0.0,1.8135747386154963e-09,False
J_00189,I_00000,16.5051722,107.62994569999998,23821.21530342102,residential,4.7,0.0,0.0,False
J_00190,I_00000,16.5297298,107.47761299999999,23322.960636138916,residential,4.7,0.0,0.0,False
J_00191,I_00000,16.5177807,107.47176639999999,23257.03285884857,residential,4.7,0.0,7.172083838256517e-10,False
J_00192,I_00000,16.534343399999997,107.4755862,23249.69827747345,residential,4.7,0.0,3.298229301840151e-10,False
J_00193,I_00000,16.532636599999996,107.4970794,23045.736792564392,residential,4.7,0.0,3.78965346460797e-11,False
J_00194,I_00000,16.483596400000003,107.64109229999998,22781.933136940002,residential,4.7,0.0,2.670265575364235e-10,False
J_00195,I_00000,16.5277695,107.59914559999999,21464.636198997498,residential,4.7,0.0,1.585692153404767e-09,False
J_00196,I_00000,16.4181597,107.6993464,21355.9469537735,residential,4.7,0.0,0.0,False
J_00197,I_00000,16.488434099999996,107.52072959999998,21300.484553337097,residential,4.7,0.0,1.8107977578982444e-09,False
J_00198,I_00000,16.5331021,107.56468179999999,21155.20090484619,residential,4.7,0.0,0.0,False
J_00199,I_00000,16.553983,107.64643539999999,21112.479268074036,residential,4.7,0.0,1.862645149230957e-09,False
J_00200,I_00000,16.554234899999997,107.65798199999999,20977.16509628296,residential,4.7,0.0,0.0,False
J_00201,I_00000,16.486906799999996,107.5196158,20960.676851272583,residential,4.7,0.0,2.32487378311426e-10,False
J_00202,I_00000,16.49227979999999,107.51611079999999,20899.58637714386,residential,4.7,0.0,2.250677158839394e-10,False
J_00203,I_00000,16.526410600000002,107.5074311,20848.856254577637,residential,4.7,0.0,0.0,False
J_00204,I_00000,16.553503499999998,107.6598312,20750.211208343506,residential,4.7,0.0,4.383946958322705e-10,False
J_00205,I_00000,16.550634399999996,107.64116029999998,20587.091987609863,residential,4.7,0.0,2.3283064365386963e-10,False
J_00206,I_00000,16.516463599999998,107.4611968,20536.249789237976,residential,4.7,0.0,0.0,False
J_00207,I_00000,16.553226600000002,107.6606378,20434.170309066772,residential,4.7,0.0,5.66378807039871e-11,False
J_00208,I_00000,16.466410200000002,107.51672789999999,20415.933248519897,residential,4.7,0.0,1.589180739207007e-09,False
J_00209,I_00000,16.427832100000003,107.69509079999999,20389.171357154846,residential,4.7,0.0,1.8109904063415964e-09,False
J_00210,I_00000,16.519226699999997,107.5259936,20323.5388174057,residential,4.7,0.0,2.1092743072738545e-10,False
J_00211,I_00000,16.516324799999996,107.46107609999999,20288.5423412323,residential,4.7,0.0,1.7034290008560603e-10,False
J_00212,I_00000,16.569341299999998,107.51961399999999,20115.553981781006,residential,4.7,0.0,1.8763693975487495e-09,False
J_00213,I_00000,16.5688082,107.5204981,20059.299015045166,residential,4.7,0.0,0.0,False
J_00214,I_00000,16.411700500000002,107.7012599,20038.08074951172,residential,4.7,0.0,6.34050544449365e-11,False
J_00215,I_00000,16.5706833,107.51243769999999,20016.06342983246,residential,4.7,0.0,0.0,False
J_00216,I_00000,16.5265222,107.5284478,19676.617685317993,residential,4.7,0.0,0.0,False
J_00217,I_00000,16.569954499999998,107.5202925,19671.35873222351,residential,4.7,0.0,5.398749169700656e-11,False
J_00218,I_00000,16.552717599999994,107.66217339999999,19551.791496276855,residential,4.7,0.0,4.757645845488741e-10,False
J_00219,I_00000,16.436188099999995,107.6831804,19472.06782722473,residential,4.7,0.0,1.3365101114679953e-10,False
J_00220,I_00000,16.5700766,107.52169329999998,19444.699966430664,residential,4.7,0.0,5.60676824000889e-10,False
J_00221,I_00000,16.5623238,107.6422052,19336.48816871643,residential,4.7,0.0,0.0,False
J_00222,I_00000,16.562081399999997,107.638181,19287.109754562378,residential,4.7,0.0,2.3283064365386963e-10,False
J_00223,I_00000,16.5483211,107.6350299,19254.47048187256,residential,4.7,0.0,0.0,False
J_00224,I_00000,16.5479401,107.4843228,18980.867584228516,residential,4.7,0.0,0.0,False
J_00225,I_00000,16.537769599999997,107.5606216,18808.54372692108,residential,4.7,0.0,4.656612873077393e-10,False
J_00226,I_00000,16.5497763,107.4791059,18696.71066570282,residential,4.7,0.0,0.0,False
J_00227,I_00000,16.5756412,107.51610989999999,18680.108154296875,residential,4.7,0.0,1.1391828236792153e-09,False
J_00228,I_00000,16.565902200000004,107.63739819999999,18394.377559661865,residential,4.7,0.0,1.7033820435682315e-09,False
J_00229,I_00000,16.539129499999998,107.54370719999999,18345.25495815277,residential,4.7,0.0,1.1569138198712129e-10,False
J_00230,I_00000,16.5401946,107.55826089999998,18129.107523918152,residential,4.7,0.0,0.0,False
J_00231,I_00000,16.470553700000004,107.6412682,18043.760334968567,residential,4.7,0.0,6.984919309616089e-10,False
J_00232,I_00000,16.4810857,107.6451695,17953.877140045166,residential,4.7,0.0,0.0,False
J_00233,I_00000,16.481173399999996,107.6452536,17943.135711669922,residential,4.7,0.0,1.1040182456567454e-10,False
J_00234,I_00000,16.5796088,107.51635079999998,17829.386301994324,residential,4.7,0.0,1.8585895201787345e-09,False
J_00235,I_00000,16.573675099999996,107.52413879999999,17726.978667259216,residential,4.7,0.0,0.0,False
J_00236,I_00000,16.572072,107.52621959999999,17690.918648719788,residential,4.7,0.0,0.0,False
J_00237,I_00007,16.4172203,107.80248499999999,17425.120087623596,normal,1.0,0.0,0.0,False
J_00238,I_00000,16.5494062,107.47081789999999,17424.386284828186,residential,4.7,0.0,1.857895589769458e-09,False
J_00239,I_00000,16.543815699999996,107.4522704,17423.62583065033,residential,4.7,0.0,7.985024680594738e-11,False
J_00240,I_00000,16.469282399999997,107.6416618,17328.0114030838,residential,4.7,0.0,2.314045574453756e-10,False
J_00241,I_00000,16.4796692,107.64892999999998,17224.06402015686,residential,4.7,0.0,1.2751819720493052e-09,False
J_00242,I_00000,16.4690464,107.64172019999998,17219.647728919983,residential,4.7,0.0,0.0,False
J_00243,I_00000,16.4941144,107.6500417,17038.334632873535,residential,4.7,0.0,0.0,False
J_00244,I_00005,16.362137000000004,107.72736029999999,16890.53658390045,normal,1.0,0.0,4.563505192546358e-10,False
J_00245,I_00000,16.540877999999992,107.45012809999999,16885.06890487671,residential,4.7,0.0,9.988416200671104e-10,False
J_00246,I_00000,16.5430552,107.5530859,16808.662472724915,residential,4.7,0.0,0.0,False
J_00247,I_00000,16.549403799999997,107.5784166,16661.476095199585,residential,4.7,0.0,0.0,False
J_00248,I_00005,16.3639732,107.72230299999998,16656.886253356934,normal,1.0,0.0,1.665796385265936e-09,False
J_00249,I_00000,16.587968699999998,107.51766929999998,16605.659728050232,residential,4.7,0.0,0.0,False
J_00250,I_00000,16.424363999999997,107.79516939999999,16522.035068511963,residential,4.7,0.0,7.265684479100893e-10,False
J_00251,I_00000,16.552301099999998,107.4666095,16244.366367340088,residential,4.7,0.0,2.6176610926864663e-11,False
J_00252,I_00000,16.552203399999996,107.47282149999998,16220.119994163513,residential,4.7,0.0,8.828620200008785e-11,False
J_00253,I_00000,16.5321404,107.44582239999998,16204.07263469696,residential,4.7,0.0,9.045661032805987e-10,False
J_00254,I_00000,16.4826759,107.50011559999999,16177.541219711304,residential,4.7,0.0,6.647181772682329e-10,False
J_00255,I_00000,16.5287128,107.4463588,16002.514835357666,residential,4.7,0.0,0.0,False
J_00256,I_00005,16.370375199999998,107.7169556,15714.866835594177,normal,1.0,0.0,0.0,False
J_00257,I_00000,16.4111629,107.57670829999999,15640.557782173157,residential,4.7,0.0,0.0,False
J_00258,I_00000,16.555023800000004,107.61363739999999,15579.245940208435,residential,4.7,0.0,3.0180706683323816e-11,False
J_00259,I_00007,16.4093733,107.80881309999998,15171.09437084198,normal,1.0,0.0,1.215792239259755e-09,False
J_00260,I_00005,16.356458999999994,107.7391585,15035.568481445312,normal,1.0,0.0,6.957528015206817e-10,False
J_00261,I_00000,16.4396948,107.52654249999999,15005.319935798645,residential,4.7,0.0,0.0,False
J_00262,I_00001,16.2680586,107.22285950000001,14904.628134727478,residential,5.2,0.0,1.5901521568952926e-09,False
J_00263,I_00001,16.268986199999997,107.23075209999999,14751.225701332092,residential,5.2,0.0,8.411208607462123e-10,False
J_00264,I_00000,16.4330244,107.78286739999999,14712.001092910767,residential,4.7,0.0,0.0,False
J_00265,I_00000,16.503703299999998,107.46255400000001,14643.819114685059,residential,4.7,0.0,4.597533924800774e-11,False
J_00266,I_00000,16.4368872,107.7845974,14578.986680030823,residential,4.7,0.0,0.0,False
J_00267,I_00000,16.537545199999993,107.68132839999998,14544.672888755798,residential,4.7,0.0,1.6588193216888674e-09,False
J_00268,I_00007,16.389944999999997,107.8263096,14398.781433105469,normal,1.0,0.0,1.4655684927429469e-10,False
J_00269,I_00000,16.5363663,107.69162399999999,14194.450392723083,residential,4.7,0.0,1.5556332372681993e-09,False
J_00270,I_00005,16.381123399999996,107.71724509999999,14176.558426856995,normal,1.0,0.0,1.7497709178346471e-09,False
J_00271,I_00000,16.5585956,107.4972691,14121.996170043945,residential,4.7,0.0,0.0,False
J_00272,I_00000,16.564245,107.593773,14028.531963348389,residential,4.7,0.0,0.0,False
J_00273,I_00007,16.411363499999997,107.82580549999999,14028.080551147461,normal,1.0,0.0,1.44048849452286e-09,False
J_00274,I_00005,16.3408486,107.7384822,13900.640643119812,normal,1.0,0.0,0.0,False
J_00275,I_00000,16.492780900000003,107.6550695,13665.007761001587,residential,4.7,0.0,1.920385791795629e-10,False
J_00276,I_00001,16.2750947,107.2191576,13599.477054595947,residential,5.2,0.0,0.0,False
J_00277,I_00000,16.493400799999996,107.65530689999999,13503.607296943665,residential,4.7,0.0,1.2939110944730925e-09,False
J_00278,I_00000,16.492937800000004,107.65530820000001,13478.800181388855,residential,4.7,0.0,1.9898498757421214e-10,False
J_00279,I_00000,16.4455308,107.77515470000002,13392.693263053894,residential,4.7,0.0,0.0,False
J_00280,I_00005,16.3757115,107.7410746,13048.019804000854,normal,1.0,0.0,0.0,False
J_00281,I_00005,16.3322105,107.75573689999999,12958.280512809753,normal,1.0,0.0,1.536759515349521e-09,False
J_00282,I_00000,16.584869799999996,107.5379375,12789.802933692932,residential,4.7,0.0,4.780688495878409e-11,False
J_00283,I_00000,16.4494288,107.77844039999998,12759.795673370361,residential,4.7,0.0,0.0,False
J_00284,I_00000,16.557180200000005,107.49437119999999,12724.693810462952,residential,4.7,0.0,5.411955927542309e-10,False
J_00285,I_00000,16.5615657,107.45506789999999,12692.624773979187,residential,4.7,0.0,0.0,False
J_00286,I_00000,16.525950500000004,107.6976258,12655.432104110718,residential,4.7,0.0,1.3382523843701802e-10,False
J_00287,I_00000,16.523035099999998,107.70144760000001,12531.753855705261,residential,4.7,0.0,1.8238730518501184e-09,False
J_00288,I_00000,16.557061400000002,107.49364139999999,12404.11646938324,residential,4.7,0.0,2.545597838723261e-10,False
J_00289,I_00000,16.5636263,107.4648795,12224.778040885925,residential,4.7,0.0,0.0,False
J_00290,I_00005,16.318627100000004,107.7691023,12173.655541419983,normal,1.0,0.0,6.034191994512418e-10,False
J_00291,I_00000,16.408090999999995,107.5792333,12084.908276557922,residential,4.7,0.0,0.0,False
J_00292,I_00001,16.2482417,107.2324285,11987.976175308228,residential,5.2,0.0,0.0,False
J_00293,I_00005,16.3213171,107.77849139999998,11761.474493026733,normal,1.0,0.0,1.7292147695499215e-09,False
J_00294,I_00000,16.407864199999995,107.57939729999998,11630.90665435791,residential,4.7,0.0,1.8162045546706559e-09,False
J_00295,I_00000,16.600826899999998,107.50994369999998,11624.264331817627,residential,4.7,0.0,1.8623540730954168e-09,False
J_00296,I_00007,16.390911399999997,107.8487773,11562.915320396423,normal,1.0,0.0,2.1986008724516342e-10,False
J_00297,I_00007,16.390835499999998,107.8490043,11459.89014339447,normal,1.0,0.0,0.0,False
J_00298,I_00007,16.384908700000004,107.86016999999998,11276.271021842957,normal,1.0,0.0,3.681182006911198e-10,False
J_00299,I_00000,16.4075983,107.57912919999998,11164.970918655396,residential,4.7,0.0,1.4269267131386957e-09,False
J_00300,I_00000,16.4346574,107.75966229999999,11063.127764701843,residential,4.7,0.0,9.50559488054806e-10,False
J_00301,I_00007,16.371801899999998,107.84578529999999,10884.618279457092,normal,1.0,0.0,4.378583019852105e-10,False
J_00302,I_00007,16.278902599999995,107.88140239999998,10579.617755889893,normal,1.0,0.0,1.3062837568690168e-10,False
J_00303,I_00007,16.276853300000003,107.88208889999999,10479.516061782837,normal,1.0,0.0,0.0,False
J_00304,I_00007,16.2717526,107.88084849999998,10347.70746421814,normal,1.0,0.0,0.0,False
J_00305,I_00000,16.507168600000004,107.4436015,10115.367986679077,residential,4.7,0.0,2.213482214376523e-10,False
J_00306,I_00007,16.276202000000005,107.88401160000001,10073.756417274475,normal,1.0,0.0,4.5698558089632867e-10,False
J_00307,I_00005,16.3421561,107.7700733,9926.750876426697,normal,1.0,0.0,0.0,False
J_00308,I_00007,16.2766056,107.8878651,9644.774597167969,normal,1.0,0.0,0.0,False
J_00309,I_00000,16.603043700000004,107.50990279999999,9437.757845878601,residential,4.7,0.0,1.862645149230957e-09,False
J_00310,I_00005,16.311299699999996,107.78522369999999,9304.464756965637,normal,1.0,0.0,1.2044460983713637e-11,False
J_00311,I_00007,16.3570131,107.8965595,9210.092322349548,normal,1.0,0.0,0.0,False
J_00312,I_00000,16.4575797,107.7685481,9141.550355911255,residential,4.7,0.0,0.0,False
J_00313,I_00007,16.368171500000003,107.86987539999998,9072.099168777466,normal,1.0,0.0,5.804131990510094e-10,False
J_00314,I_00000,16.470381499999995,107.66806979999998,9048.577392578125,residential,4.7,0.0,0.0,False
J_00315,I_00000,16.4232057,107.76322689999999,9001.11563205719,residential,4.7,0.0,9.172285300977267e-10,False
J_00316,I_00000,16.4573547,107.7671161,8988.519222259521,residential,4.7,0.0,0.0,False
J_00317,I_00000,16.5730812,107.5727914,8923.099196434021,residential,4.7,0.0,0.0,False
J_00318,I_00000,16.5162565,107.71054809999998,8899.00751876831,residential,4.7,0.0,1.862645149230957e-09,False
J_00319,I_00000,16.57355099999999,107.4794237,8876.322755813599,residential,4.7,0.0,9.313225746154785e-10,False
J_00320,I_00000,16.484008199999998,107.66736099999999,8837.7836561203,residential,4.7,0.0,7.464357775375006e-10,False
J_00321,I_00000,16.459067499999996,107.768307,8433.939781188965,residential,4.7,0.0,1.9011763850540384e-10,False
J_00322,I_00005,16.3104645,107.7898083,8355.419363975525,normal,1.0,0.0,0.0,False
J_00323,I_00000,16.442104999999998,107.7556765,8205.484163284302,residential,4.7,0.0,1.7492872523721603e-10,False
J_00324,I_00005,16.404120499999998,107.7907866,8196.738506317139,normal,1.0,0.0,1.790030488003928e-10,False
J_00325,I_00007,16.3457936,107.8935085,8161.647413253784,normal,1.0,0.0,0.0,False
J_00326,I_00000,16.498534700000004,107.4442907,8148.726546287537,residential,4.7,0.0,4.295068926182452e-10,False
J_00327,I_00000,16.467076199999997,107.75943019999998,8120.567144393921,residential,4.7,0.0,8.234370466613388e-10,False
J_00328,I_00007,16.3448691,107.89439419999998,7973.8859939575195,normal,1.0,0.0,1.2056245215944993e-09,False
J_00329,I_00000,16.499656099999996,107.44318339999998,7951.239983558655,residential,4.7,0.0,9.204001212665437e-11,False
J_00330,I_00005,16.306014700000006,107.7862081,7862.353901863098,normal,1.0,0.0,3.4459330804695204e-11,False
J_00331,I_00007,16.3442605,107.895519,7833.379299163818,normal,1.0,0.0,0.0,False
J_00332,I_00007,16.243950800000004,108.0753477,7726.600196838379,normal,1.0,0.0,3.075160624471391e-10,False
J_00333,I_00007,16.2396442,108.07727519999999,7689.8866930007935,normal,1.0,0.0,1.862645149230957e-09,False
J_00334,I_00002,16.161678,107.7273219,7553.836657524109,residential,2.2,0.0,0.0,False
J_00335,I_00000,16.4348102,107.70734949999999,7479.770193099976,residential,4.7,0.0,0.0,False
J_00336,I_00002,16.1581578,107.727834,7375.605549812317,residential,2.2,0.0,0.0,False
J_00337,I_00007,16.374147599999997,107.81868489999998,7267.2423639297485,normal,1.0,0.0,1.3338609639396775e-09,False
J_00338,I_00000,16.5995681,107.4962707,7106.46789932251,residential,4.7,0.0,0.0,False
J_00339,I_00000,16.504298599999995,107.4388272,7096.6006116867065,residential,4.7,0.0,4.065283490144021e-10,False
J_00340,I_00001,16.241073799999995,107.24498459999998,7028.0309410095215,residential,5.2,0.0,3.3986960861206347e-10,False
J_00341,I_00000,16.488585300000004,107.75086059999998,6695.473093032837,residential,4.7,0.0,1.7459493755923775e-09,False
J_00342,I_00000,16.6547242,107.46377709999999,6545.878871917725,residential,4.7,0.0,0.0,False
J_00343,I_00002,16.179570999999996,107.7014685,6453.4690980911255,residential,2.2,0.0,9.595661002235177e-11,False
J_00344,I_00000,16.479675499999992,107.6800677,6381.946844100952,residential,4.7,0.0,1.862715636824688e-10,False
J_00345,I_00001,16.276648499999997,107.2038985,6357.077833175659,residential,5.2,0.0,3.5184672232287536e-10,False
J_00346,I_00000,16.667709699999996,107.4762923,6026.037170410156,residential,4.7,0.0,1.8695684257836455e-10,False
J_00347,I_00000,16.664762299999996,107.3491059,6014.187727928162,residential,4.7,0.0,2.9168547343855216e-11,False
J_00348,I_00001,16.237333499999995,107.25243669999999,5951.094489097595,residential,5.2,0.0,7.707054620061443e-10,False
J_00349,I_00000,16.4425275,107.71902549999999,5922.217886924744,residential,4.7,0.0,0.0,False
J_00350,I_00000,16.6785968,107.40567909999999,5916.8844747543335,residential,4.7,0.0,0.0,False
J_00351,I_00000,16.6650679,107.3415363,5800.579390525818,residential,4.7,0.0,0.0,False
J_00352,I_00000,16.681240500000005,107.42091509999999,5685.876469612122,residential,4.7,0.0,1.7806980395457848e-10,False
J_00353,I_00000,16.671106400000003,107.3609437,5677.872668266296,residential,4.7,0.0,1.5869873594792135e-10,False
J_00354,I_00000,16.649609099999996,107.43316899999999,5671.374917984009,residential,4.7,0.0,5.183890554269285e-10,False
J_00355,I_00000,16.4754516,107.69368789999999,5523.2931299209595,residential,4.7,0.0,7.373006276494327e-10,False
J_00356,I_00000,16.689509599999997,107.4134369,5503.283711433411,residential,4.7,0.0,1.3351037114415184e-10,False
J_00357,I_00000,16.5806618,107.3700604,5492.670731544495,residential,4.7,0.0,0.0,False
J_00358,I_00000,16.655219200000005,107.3230957,5483.178284645081,residential,4.7,0.0,0.0,False
J_00359,I_00000,16.686102399999996,107.4071145,5417.774532318115,residential,4.7,0.0,2.0114246201278374e-10,False
J_00360,I_00007,16.281686999999998,107.9050492,5378.678611755371,normal,1.0,0.0,2.0014955266350284e-10,False
J_00361,I_00000,16.648254799999997,107.4797389,5311.17955493927,residential,4.7,0.0,0.0,False
J_00362,I_00000,16.658684000000004,107.4321766,5272.238461494446,residential,4.7,0.0,0.0,False
J_00363,I_00000,16.6791819,107.4697665,5251.78662109375,residential,4.7,0.0,0.0,False
J_00364,I_00001,16.2357933,107.25794839999999,5183.189344406128,residential,5.2,0.0,4.662158781451427e-10,False
J_00365,I_00007,16.281790999999995,107.9052858,5168.549638748169,normal,1.0,0.0,8.285478564255146e-11,False
J_00366,I_00000,16.6990153,107.4006318,5114.986538887024,residential,4.7,0.0,0.0,False
J_00367,I_00000,16.6779025,107.3366299,5084.935440063477,residential,4.7,0.0,0.0,False
J_00368,I_00000,16.6794312,107.3374129,5084.754111289978,residential,4.7,0.0,0.0,False
J_00369,I_00000,16.6265981,107.4334118,4871.6140995025635,residential,4.7,0.0,0.0,False
J_00370,I_00000,16.631428399999997,107.4354275,4809.463535308838,residential,4.7,0.0,1.8065755541664464e-10,False
J_00371,I_00000,16.498966499999998,107.4351582,4736.846530914307,residential,4.7,0.0,2.3283064365386963e-10,False
J_00372,I_00007,16.271066799999996,107.9375193,4588.455401420593,normal,1.0,0.0,2.2247882796609235e-10,False
J_00373,I_00000,16.4980043,107.4329545,4551.293286323547,residential,4.7,0.0,0.0,False
J_00374,I_00000,16.698539199999992,107.3810678,4449.036569595337,residential,4.7,0.0,1.8949199379540883e-10,False
J_00375,I_00000,16.396950400000005,107.6440723,4435.643730163574,residential,4.7,0.0,2.0824313863164257e-10,False
J_00376,I_00007,16.268451499999998,107.92884019999998,4363.358749389648,normal,1.0,0.0,2.2711670505338985e-10,False
J_00377,I_00000,16.465645999999996,107.716472,4314.165009498596,residential,4.7,0.0,6.984919309616089e-10,False
J_00378,I_00000,16.6271013,107.5105163,4157.1094398498535,residential,4.7,0.0,0.0,False
J_00379,I_00000,16.5024383,107.4194427,4126.759029388428,residential,4.7,0.0,0.0,False
J_00380,I_00000,16.666098000000005,107.36516299999998,4062.231604576111,residential,4.7,0.0,1.0897936573910293e-10,False
J_00381,I_00000,16.6675717,107.3672499,4047.443099975586,residential,4.7,0.0,0.0,False
J_00382,I_00000,16.6491789,107.40942479999998,4035.3198194503784,residential,4.7,0.0,0.0,False
J_00383,I_00000,16.696108199999998,107.35581069999999,4024.4389972686768,residential,4.7,0.0,5.531816413950482e-10,False
J_00384,I_00000,16.3947426,107.57482329999999,3903.662980079651,residential,4.7,0.0,1.6365322378192696e-09,False
J_00385,I_00000,16.5988082,107.48851269999999,3882.1981658935547,residential,4.7,0.0,0.0,False
J_00386,I_00006,16.572864800000005,107.34519929999999,3817.4069871902466,residential,2.2,0.0,0.0,False
J_00387,I_00007,16.265595599999997,107.9815467,3690.9924726486206,normal,1.0,0.0,2.3271089215818662e-10,False
J_00388,I_00000,16.3957574,107.5694661,3680.610818862915,residential,4.7,0.0,0.0,False
J_00389,I_00000,16.6424077,107.32336429999998,3641.030659675598,residential,4.7,0.0,1.3344862476049327e-09,False
J_00390,I_00000,16.4905293,107.41960379999999,3499.0496740341187,residential,4.7,0.0,1.8329063706238542e-09,False
J_00391,I_00007,16.2786143,107.9978116,3498.6073207855225,normal,1.0,0.0,0.0,False
J_00392,I_00000,16.604541799999996,107.48931199999998,3489.818567276001,residential,4.7,0.0,1.142241638415055e-09,False
J_00393,I_00006,16.570498199999996,107.34402309999999,3331.826181411743,residential,2.2,0.0,0.0,False
J_00394,I_00001,16.2787719,107.1985859,3244.343116760254,residential,5.2,0.0,0.0,False
J_00395,I_00000,16.546833299999996,107.41873819999999,3226.4580402374268,residential,4.7,0.0,0.0,False
J_00396,I_00000,16.605764499999996,107.4730806,3205.3796491622925,residential,4.7,0.0,4.1476712418075615e-10,False
J_00397,I_00000,16.390773400000004,107.57846739999998,3192.7931594848633,residential,4.7,0.0,6.966820038753696e-10,False
J_00398,I_00007,16.3110733,108.0031635,3142.8567504882812,normal,1.0,0.0,0.0,False
J_00399,I_00007,16.2511658,108.05928119999999,3038.770164489746,normal,1.0,0.0,1.862645149230957e-09,False
J_00400,I_00000,16.3858229,107.5760503,2676.249966621399,residential,4.7,0.0,0.0,False
J_00401,I_00007,16.304538300000004,107.98346179999999,2648.7588386535645,normal,1.0,0.0,5.525677637751389e-10,False
J_00402,I_00007,16.2823345,108.0139719,2543.0345640182495,normal,1.0,0.0,0.0,False
J_00403,I_00006,16.3460975,107.51517219999998,2520.698450088501,residential,2.2,0.0,0.0,False
J_00404,I_00000,16.6966896,107.4399389,2493.378942489624,residential,4.7,0.0,0.0,False
J_00405,I_00006,16.493762099999998,107.4105352,2409.0579204559326,residential,2.2,0.0,4.6455556914597806e-10,False
J_00406,I_00007,16.2472805,107.9446019,2284.6500244140625,normal,1.0,0.0,0.0,False
J_00407,I_00007,16.3127849,108.0146185,2060.3079977035522,normal,1.0,0.0,0.0,False
J_00408,I_00007,16.238693799999993,107.87905679999999,1850.9723796844482,normal,1.0,0.0,6.983652446021195e-10,False
J_00409,I_00007,16.291348099999997,108.025979,1672.289960861206,normal,1.0,0.0,6.093011486357607e-10,False
J_00410,I_00006,16.5145671,107.3516513,1445.7982788085938,residential,2.2,0.0,0.0,False
J_00411,I_00003,16.1300699,107.33584759999998,1219.961139678955,residential,2.2,0.0,0.0,False
J_00412,I_00006,16.523835299999995,107.31380779999999,1191.448229789734,residential,2.2,0.0,1.862645149230957e-09,False
J_00413,I_00006,16.5180853,107.3126268,1169.3813133239746,residential,2.2,0.0,0.0,False
J_00414,I_00006,16.5038974,107.3637991,1147.4334125518799,residential,2.2,0.0,0.0,False
J_00415,I_00000,16.549288800000003,107.41221179999998,1032.7561988830566,residential,4.7,0.0,1.7513995986040269e-09,False
J_00416,I_00000,16.5497943,107.4015391,924.4535140991211,residential,4.7,0.0,0.0,False
J_00417,I_00006,16.516318999999996,107.2918347,902.0691137313843,residential,2.2,0.0,0.0,False
J_00418,I_00006,16.588544500000005,107.32528919999999,844.2461767196655,residential,2.2,0.0,1.8481147919934182e-09,False
J_00419,I_00000,16.520123699999996,107.40538799999999,822.2023057937622,residential,4.7,0.0,6.100733022847515e-10,False
J_00420,I_00006,16.402113299999996,107.47520209999999,764.8241920471191,residential,2.2,0.0,1.3531830178060396e-10,False
J_00421,I_00004,16.382489099999994,107.0543817,687.2699384689331,residential,2.2,0.0,2.0277293256889137e-10,False
J_00422,I_00003,16.066327799999996,107.37365619999999,683.4048776626587,residential,2.2,0.0,7.906861270357327e-11,False
J_00423,I_00000,16.6129027,107.40396739999998,680.3358354568481,residential,4.7,0.0,7.081521192295585e-10,False
J_00424,I_00005,16.346819100000005,107.61511689999999,649.4508695602417,normal,1.0,0.0,1.1756024336771357e-09,False
J_00425,I_00004,16.365227899999997,107.02629129999998,467.0391139984131,residential,2.2,-9999.0,1.6657170419711277e-09,False
J_00426,I_00007,16.332304099999995,107.95832409999998,437.91915798187256,normal,1.0,0.0,1.3786956018378714e-10,False
J_00427,I_00007,16.3437711,107.94445309999999,375.4242105484009,normal,1.0,0.0,1.862645149230957e-09,False
J_00428,I_00005,16.3154086,107.7172879,313.8352460861206,normal,1.0,0.0,0.0,False
J_00429,I_00003,16.153880600000004,107.31367849999998,173.37327766418457,residential,2.2,0.0,0.0,False
J_00430,I_00000,16.7291068,107.401346,171.11905097961426,residential,4.7,0.0,0.0,False
J_00431,I_00007,16.219097799999997,108.0539031,154.32736778259277,normal,1.0,0.0,0.0,False
