power_id,bts_id,latitude,longitude,coverage_radius_m,pop_in_buffer_total,pop_in_buffer_in_outage,total_cost_vnd,deployment_time_hr
POWER_0014,1247,16.389166937117196,107.84374884855022,2500.0,14798.021484375,0.0,147683.11834856146,0.4031834507135104
POWER_0118,5148,16.40708360370498,107.630415516145,2500.0,11858.23828125,477.4267578125,193301.14088908015,0.6003190218670472
POWER_0022,1970,16.506389160617612,107.63083218142512,1000.0,5378.94921875,3747.58447265625,240940.99935352846,0.7618924168090803
POWER_0073,1795,16.537083603601687,107.50333218338126,2500.0,16502.85546875,1.164713978767395,1780113.7681392208,0.8270267802805189
POWER_0113,1256,16.32041693738499,107.772915515575,2500.0,15951.78125,0.0,107531.9361767295,0.1549821558446988
POWER_0037,3616,16.36458360387498,107.71874884912502,2500.0,18050.13671875,191.28652954101562,160946.2886625994,0.3700438219439188
POWER_0004,60,16.425481046997287,107.65192191494452,2500.0,28186.51171875,770.0657958984375,1721343.316143688,0.1769182248805099
POWER_0084,1060,16.507083603721096,107.6349988495245,1000.0,4397.4912109375,3844.96875,1811389.2572193176,0.4935796901251011
POWER_0147,1514,16.257083604715742,107.98666551479327,2500.0,5054.64697265625,245.7379608154297,303977.12713979464,1.1967843770374105
POWER_0137,5033,16.323750270704977,107.780415515545,2500.0,14451.9697265625,0.0,109269.52760309092,0.1564022598478473
POWER_0038,6057,16.37041693718498,107.705415515845,2500.0,12872.9169921875,1483.52880859375,284709.9732571696,0.8108303664923043
POWER_0007,3181,16.637083602784973,107.42124885031502,1000.0,2335.23828125,2335.23828125,1756990.4821831621,0.331044649925939
POWER_0133,4824,16.66958360265498,107.337915517315,2500.0,6777.23388671875,6500.6953125,1790375.7279602163,0.9117994918452648
POWER_0121,4230,16.440416937319558,107.56083218315273,1000.0,6507.435546875,340.099853515625,123865.41441433027,0.1701449967121229
POWER_0046,4578,16.38791693711499,107.856248848575,2500.0,12993.3779296875,0.0,1919477.8569542675,1.38486072701989
POWER_0062,2936,16.535694714732383,107.46930440527626,1000.0,3132.850341796875,1223.73095703125,147636.08353690788,0.3053260590845881
POWER_0017,6150,16.41291693701498,107.588748849645,2500.0,17597.484375,0.0,210097.3947196011,0.7599989120821607
POWER_0039,4703,16.38375027046498,107.56791551639502,2500.0,4554.39208984375,4.574865341186523,1784573.4104463488,0.3243590231335672
POWER_0139,2281,16.30791693743498,107.771248848915,2500.0,11733.0224609375,50.95064926147461,117851.11309059602,0.177382775205099
POWER_0098,1973,16.437916936914984,107.722915515775,2500.0,8968.490234375,834.782958984375,1857881.9128258037,1.0113066719546753
POWER_0101,6382,16.506250269974984,107.484582183395,2500.0,24648.24609375,219.0040740966797,1733328.8565302317,0.2545694012033502
POWER_0068,575,16.480416936744987,107.641248849435,1000.0,5404.69921875,51.6995735168457,137685.1757428614,0.2516706109254904
POWER_0111,213,16.549338512966226,107.57580767008024,2500.0,14400.6171875,14400.6171875,243450.10507345427,0.5050325495430487
POWER_0033,2431,16.57958360301498,107.48958218337502,2500.0,12666.6552734375,661.62109375,102371.01593606357,0.0600192859502515
POWER_0078,3653,16.541250269834983,107.468748850125,1000.0,3508.2578125,2465.284423828125,232104.15947474045,0.7392972127781491
POWER_0120,3436,16.43000027028739,107.59041551623687,1000.0,9813.33203125,0.0,1833980.7142575807,0.8099828818493394
POWER_0035,3050,16.25875027096498,107.939582181575,2500.0,8650.3857421875,273.0565185546875,138812.19228473504,0.3206023257230711
POWER_0141,3310,16.29958360413498,107.345415517285,1000.0,410.3853759765625,302.27801513671875,304359.50077469426,1.2510348958036863
POWER_0096,449,16.373750270504978,107.813748848745,2500.0,5677.81884765625,1555.663818359375,131614.32536760237,0.319287827638508
POWER_0127,3494,16.473750270104983,107.513748849945,2500.0,17591.5859375,3917.158935546875,146065.1254430785,0.1540420920613686
POWER_0050,240,16.427708604456676,107.60124884967112,2500.0,39935.5703125,508.6471252441406,1712344.6528156486,0.1954416799487625
POWER_0064,3215,16.314583604074976,107.778748848885,2500.0,14001.0576171875,0.0,104848.72079978418,0.1378385631286519
POWER_0144,2712,16.55791693643498,107.396248850415,1000.0,1248.170166015625,1248.170166015625,1691663.1570028695,0.0963478187193575
POWER_0125,6452,16.388750270444977,107.857082181905,2500.0,12414.4140625,0.0,1844806.0854337048,1.3614415753219091
POWER_0024,4802,16.312916937414982,107.793748848825,2500.0,8465.8046875,0.0,102942.4053186617,0.1220907395889444
POWER_0057,245,16.447916937200898,107.57562384960936,1000.0,25388.52734375,5668.65625,1696491.901606933,0.0945926075509206
POWER_0116,3531,16.462916936814985,107.716248849135,2500.0,6636.94775390625,8.670944213867188,196141.2150991641,0.6299292088883537
POWER_0042,2159,16.304583604114974,107.771248848915,2500.0,10158.55078125,269.1647644042969,129326.2665395113,0.1959889343976678
POWER_0031,2467,16.450416936864983,107.739582182375,2500.0,6859.5498046875,1635.2689208984375,189978.84914219473,0.6382528126845539
POWER_0112,2283,16.49291693669498,107.655415516045,1000.0,497.78851318359375,0.0,210082.370146051,0.5068824502232794
POWER_0069,4131,16.517083603264982,107.589582182975,2500.0,29770.939453125,24299.806640625,1825372.196952363,0.4815367259634005
POWER_0122,6473,16.424583603634982,107.815415515405,2500.0,16284.18359375,0.0,193662.65406504073,0.6304107790839061
POWER_0109,1216,16.43375027028471,107.60624884939224,2500.0,61369.1015625,17967.93359375,1791501.3454501817,0.6738128529000005
POWER_0030,4252,16.45125027019499,107.572082183045,1000.0,18375.2109375,3675.084228515625,141064.0537660468,0.2269175739222788
POWER_0059,2390,16.540416936921872,107.68249884933564,2500.0,12071.888671875,4405.99755859375,294530.82364429865,0.9642880808044476
POWER_0079,5852,16.55875026976498,107.492915516695,1000.0,3432.740234375,0.0,1782415.064876912,0.4356196752187734
POWER_0053,6399,16.297083604144976,107.802082182125,2500.0,4332.33740234375,311.7532958984375,1918882.02007144,1.3123859646241811
POWER_0071,6381,16.522916936574983,107.555415516445,1000.0,1792.68359375,0.0,1739777.1666047666,0.1940903278247742
POWER_0106,738,16.413750270344984,107.755415515645,2500.0,8281.568359375,129.02017211914062,1892680.6258307556,1.1305541601575555
POWER_0076,976,16.430416937242374,107.68916551672434,2500.0,16064.236328125,866.6978759765625,177169.5952168423,0.5324372367794682
POWER_0055,4651,16.237916938125263,107.92999884835191,2500.0,2575.783447265625,0.0,173543.89596562067,0.3983802725744
POWER_0005,5143,16.365416937204984,107.737082182385,2500.0,15710.7158203125,1719.262939453125,298194.06233276194,0.8497177335448441
POWER_0034,5616,16.486250270054985,107.609582182895,1000.0,13146.095703125,0.0,1715454.6732700106,0.1052155650311861
POWER_0104,3742,16.49791693667498,107.559582183095,1000.0,6678.0234375,0.0,1759637.801266437,0.2755343930530877
POWER_0010,367,16.440357414139317,107.78666551590972,2500.0,14484.93359375,0.0,1869799.9395128486,0.8903184795032504
POWER_0052,6378,16.404583603714983,107.759582182295,2500.0,8645.845703125,303.3302917480469,235726.86138012464,0.550039098408979
POWER_0145,3484,16.502083603324984,107.467082183465,1000.0,4555.66015625,311.304443359375,1761330.2576407741,0.3020610144756706
POWER_0070,4083,16.410416937024983,107.687082182585,1000.0,8240.419921875,927.8575439453125,171148.49578617013,0.4826977197434806
POWER_0110,4723,16.687916935914984,107.451248850195,1000.0,293.7471008300781,264.656494140625,261105.0334475663,0.7696185394776295
POWER_0131,4853,16.472083603444982,107.562082183085,1000.0,29615.8125,29615.8125,113614.07627164148,0.1251758038962981
POWER_0119,2470,16.39875027040498,107.673748849305,2500.0,25301.7421875,2208.0380859375,108071.55947421023,0.1473115545445605
POWER_0097,5202,16.469583603454986,107.554582183115,1000.0,14613.9560546875,14613.9560546875,1796637.7202691177,0.5931991808742964
POWER_0107,6377,16.264583604274982,107.772082182245,2500.0,1844.006103515625,1844.006103515625,137781.0394219528,0.2074726993950589
POWER_0080,2937,16.390416937104984,107.71374884914502,2500.0,13410.1708984375,4019.987060546875,1765996.6777256355,0.4435196731842748
POWER_0063,5090,16.497916936674976,107.569582183055,1000.0,11750.85546875,3476.7724609375,183414.06270602476,0.4620114157289114
POWER_0047,6201,16.422083603644975,107.692082182565,2500.0,25380.357421875,1355.34326171875,174805.4110348489,0.5129070196238701
POWER_0018,4629,16.685000269267597,107.41624885027149,1000.0,3471.7626953125,2112.908935546875,1773457.7540609792,0.3872761447701102
POWER_0126,5136,16.706250269174983,107.359582183895,1000.0,911.7412109375,31.60454559326172,309650.15974958206,1.195674172031581
POWER_0105,3563,16.47958360341498,107.668748849325,2500.0,8627.9921875,101.9782943725586,213992.91962584225,0.7035301722067342
POWER_0124,18,16.49131971520533,107.57888774092729,1000.0,16060.62109375,15798.0048828125,180930.37704881714,0.3297326049349217
POWER_0090,6433,16.27458360423498,107.777915515555,2500.0,2914.48291015625,2284.23583984375,217620.12887373974,0.576534631242697
POWER_0013,2429,16.22291693777499,108.079582181015,2500.0,7189.32470703125,24.43398094177246,1933757.3164135756,1.4472619189851634
POWER_0099,6422,16.43375027026499,107.505415516645,2500.0,3225.071533203125,67.5665283203125,1812186.333083499,0.6171513444827234
POWER_0041,4593,16.50333360332743,107.58041551627716,2500.0,65801.5390625,49148.140625,1718906.4836374023,0.1566342027056926
POWER_0036,6479,16.43041693694499,107.52374884990502,2500.0,8286.015625,0.0,167440.50014400634,0.3198276792519906
POWER_0001,3528,16.23875027104499,108.082082181005,2500.0,7803.7109375,0.0,1782695.7578686941,0.6666131184735989
POWER_0148,6268,16.472916936774983,107.768748848925,2500.0,6010.3203125,626.7916259765625,250640.79872794138,0.7162500752041686
POWER_0132,4253,16.515416936604982,107.534582183195,1000.0,6032.6259765625,0.0,124256.08476663788,0.1385284132898044
POWER_0115,2862,16.516250269934975,107.599582182935,2500.0,24696.56640625,21255.94140625,1749177.9387758602,0.1778016072409106
POWER_0054,4233,16.28291693785766,107.93562384815714,2500.0,6343.79052734375,67.9981918334961,1865628.418680877,1.0313632735807037
POWER_0023,5694,16.431250270274983,107.799582182135,2500.0,15546.91015625,0.0,1802985.3911609687,0.6432272787216581
POWER_0088,2759,16.50541693664497,107.408748850365,1000.0,872.133056640625,872.133056640625,1785298.3175606763,0.409619519238982
POWER_0032,4374,16.502639159198278,107.59347107224144,2500.0,69778.9609375,52210.5703125,166143.38500093645,0.3798524269140623
POWER_0102,2200,16.545416936484983,107.669582182655,2500.0,12926.4248046875,8257.1220703125,184766.0686500741,0.5327609096208913
POWER_0095,2495,16.546250269814994,107.467082183465,1000.0,4267.6357421875,4202.16064453125,1746238.4221295256,0.3441932235502705
POWER_0020,6351,16.567083603064983,107.508748849965,2500.0,22430.37890625,9174.693359375,1786938.5601623857,0.8834054969936215
POWER_0103,3164,16.449583603949907,107.77833218228804,2500.0,12599.078125,0.5518230199813843,1834933.678437884,0.8559741891381335
POWER_0044,4438,16.424583603634982,107.774582182235,2500.0,15542.4853515625,0.0,1826320.972734662,1.2087384704167732
POWER_0065,6458,16.41958360365499,107.565415516405,2500.0,16849.359375,105.76460266113281,111416.0320415871,0.1648037509633932
POWER_0012,852,16.563750270162313,107.55499884984252,1000.0,2777.8779296875,969.4754638671875,346540.10992564517,1.1049703857225477
POWER_0108,5590,16.430416936944994,107.59708218294502,2500.0,62206.953125,8169.2099609375,150941.34964747122,0.3085126268557853
POWER_0021,2881,16.496250270014983,107.497915516675,2500.0,19664.19140625,0.0,1739637.0626788023,0.4089812707334239
POWER_0048,3951,16.527916936554984,107.508748849965,2500.0,19205.73828125,66.66818237304688,306561.64436077105,1.059302772588239
POWER_0028,6361,16.405416937044976,107.82124884871502,2500.0,17261.05859375,0.0,192380.23113298006,0.7261556348589647
POWER_0086,1279,16.547083603144983,107.545415516485,2500.0,15898.376953125,12356.30859375,1820557.0305553589,0.6543878939590011
POWER_0072,6138,16.125416938164975,107.672082182645,2500.0,5134.5029296875,4861.69091796875,268607.9477385917,1.002223250621996
POWER_0123,4523,16.55625026977498,107.519582183255,2500.0,15993.7763671875,7201.9736328125,1704639.4630922563,0.0703755128833959
POWER_0026,6341,16.383750270464972,107.801248848795,2500.0,6909.638671875,1482.251220703125,191300.70125614305,0.6108989950104035
POWER_0002,6319,16.53041693654499,107.524582183235,2500.0,19713.939453125,3553.959228515625,299043.31459141773,0.9988734307543058
POWER_0060,4447,16.39902804861333,107.63597107127946,2500.0,6323.2666015625,645.701416015625,132520.38064896257,0.2839012676963898
POWER_0043,102,16.34208360396498,107.765415515605,2500.0,10490.9814453125,686.8656005859375,123904.93880173314,0.2306333428227387
POWER_0011,1019,16.557500271819524,107.5843738524453,1000.0,4055.7451171875,4055.7451171875,190868.97111646563,0.5286422860130315
