base_id,power_id,bts_id,lat,lon,base_name,type,model,runtime_h,cost_vnd_24h,resource_amount,total_cost_vnd,total_time_hr
BASE_6,POWER_0002,BTS_01256,16.2893818,107.832841,Phu Loc District,BATTERY,48V 200Ah LiFePO4 (10 kWh) rack,6.67,88163,3.6,107531.9361767295,0.1549821558446988
BASE_6,POWER_0006,BTS_01280,16.2893818,107.832841,Phu Loc District,BATTERY,48V 200Ah LiFePO4 (10 kWh) rack,6.67,88163,3.6,97638.493397514085,0.0782758150229424
BASE_6,POWER_0016,BTS_00171,16.2893818,107.832841,Phu Loc District,BATTERY,48V 200Ah LiFePO4 (10 kWh) rack,6.67,88163,3.6,129031.54835105422,0.292468750434317
BASE_2,POWER_0003,BTS_00166,16.4626288,107.6022722,Thuan Hoa District,BATTERY,48V 200Ah LiFePO4 (10 kWh) rack,6.67,88163,3.6,102785.870837848675,0.0932880714542497
BASE_2,POWER_0051,BTS_05498,16.4626288,107.6022722,Thuan Hoa District,BATTERY,48V 200Ah LiFePO4 (10 kWh) rack,6.67,88163,3.6,110805.312945370024,0.132781018514348
BASE_8,POWER_0005,BTS_02063,16.5743603,107.508071,Quang Dien District,BATTERY,48V 200Ah LiFePO4 (10 kWh) rack,6.67,88163,3.6,99816.54900287827,0.0411376250011361
BASE_9,POWER_0020,BTS_02188,16.2726766,107.2307293,A Luoi District,GENSET,KPS KP14000Q-3D-10KW,24.0,1680000,84.0,1714287.43719761113,0.1153440223624128
BASE_9,POWER_0044,BTS_01625,16.2726766,107.2307293,A Luoi District,GENSET,KPS KP14000Q-3D-10KW,24.0,1680000,84.0,1725742.11218626943,0.1024180797197033
BASE_5,POWER_0022,BTS_01325,16.5820939,107.3626442,Phong Dien Town,BATTERY,48V 200Ah LiFePO4 (10 kWh) rack,6.67,88163,3.6,161643.49541057514,0.2880646141913139
BASE_5,POWER_0018,BTS_00845,16.5820939,107.3626442,Phong Dien Town,GENSET,KPS KP14000Q-3D-10KW,24.0,1680000,84.0,1740241.86640994862,0.21641127060308213
BASE_2,POWER_0026,BTS_04914,16.4626288,107.6022722,Thuan Hoa District,BATTERY,48V 200Ah LiFePO4 (10 kWh) rack,6.67,88163,3.6,122749.772230428935,0.1589374053705867
BASE_2,POWER_0131,BTS_04374,16.4626288,107.6022722,Thuan Hoa District,BATTERY,48V 200Ah LiFePO4 (10 kWh) rack,6.67,88163,3.6,110755.40678915904,0.1195937101598689
BASE_9,POWER_0029,BTS_02321,16.2726766,107.2307293,A Luoi District,GENSET,KPS KP14000Q-3D-10KW,24.0,1680000,84.0,1728381.94150918597,0.1600283314269536
BASE_4,POWER_0030,BTS_04427,16.4233011,107.515289,Huong Thuy Town,BATTERY,48V 200Ah LiFePO4 (10 kWh) rack,6.67,88163,3.6,133348.40182823808,0.1345338977929545
BASE_8,POWER_0033,BTS_00460,16.5743603,107.508071,Quang Dien District,BATTERY,48V 200Ah LiFePO4 (10 kWh) rack,6.67,88163,3.6,174568.709241405,0.3817328993856531
BASE_8,POWER_0038,BTS_02881,16.5743603,107.508071,Quang Dien District,BATTERY,48V 200Ah LiFePO4 (10 kWh) rack,6.67,88163,3.6,121647.14983994417,0.2400115545824694
BASE_7,POWER_0060,BTS_06086,16.4401105,107.7120704,Phu Vang District,BATTERY,48V 200Ah LiFePO4 (10 kWh) rack,6.67,88163,3.6,140701.614334923535,0.3943567364989869
BASE_1,POWER_0062,BTS_03742,16.4832781,107.5715416,Phu Xuan District,BATTERY,48V 200Ah LiFePO4 (10 kWh) rack,6.67,88163,3.6,107110.555953411487,0.0639196640261547
BASE_6,POWER_0064,BTS_02723,16.2893818,107.832841,Phu Loc District,BATTERY,48V 200Ah LiFePO4 (10 kWh) rack,6.67,88163,3.6,126581.70081915946,0.2195678310074465
BASE_2,POWER_0065,BTS_01246,16.4626288,107.6022722,Thuan Hoa District,BATTERY,48V 200Ah LiFePO4 (10 kWh) rack,6.67,88163,3.6,201436.33690723118,0.4753185349470587
BASE_9,POWER_0073,BTS_03660,16.2726766,107.2307293,A Luoi District,GENSET,KPS KP14000Q-3D-10KW,24.0,1680000,84.0,1755534.27443025581,0.3222257235026079
BASE_9,POWER_0081,BTS_02115,16.2726766,107.2307293,A Luoi District,GENSET,KPS KP14000Q-3D-10KW,24.0,1680000,84.0,1720299.28093078395,0.1650070792886231
BASE_7,POWER_0090,BTS_05083,16.4401105,107.7120704,Phu Vang District,BATTERY,48V 200Ah LiFePO4 (10 kWh) rack,6.67,88163,3.6,130886.29390290952,0.3132736546693061
BASE_6,POWER_0092,BTS_04028,16.2893818,107.832841,Phu Loc District,BATTERY,48V 200Ah LiFePO4 (10 kWh) rack,6.67,88163,3.6,134153.590325829806,0.2716044447828293
BASE_6,POWER_0107,BTS_06347,16.2893818,107.832841,Phu Loc District,BATTERY,48V 200Ah LiFePO4 (10 kWh) rack,6.67,88163,3.6,172743.87798089378,0.440234994691393
BASE_1,POWER_0110,BTS_03665,16.4832781,107.5715416,Phu Xuan District,BATTERY,48V 200Ah LiFePO4 (10 kWh) rack,6.67,88163,3.6,95373.7430556483,0.0595670078510076
BASE_1,POWER_0117,BTS_03056,16.4832781,107.5715416,Phu Xuan District,BATTERY,48V 200Ah LiFePO4 (10 kWh) rack,6.67,88163,3.6,123487.37829543101,0.1368844564370926
BASE_6,POWER_0118,BTS_01184,16.2893818,107.832841,Phu Loc District,BATTERY,48V 200Ah LiFePO4 (10 kWh) rack,6.67,88163,3.6,156424.79090635531,0.3999913868937189
BASE_2,POWER_0122,BTS_01345,16.4626288,107.6022722,Thuan Hoa District,BATTERY,48V 200Ah LiFePO4 (10 kWh) rack,6.67,88163,3.6,131455.20383733099,0.211209438731178
BASE_2,POWER_0147,BTS_06428,16.4626288,107.6022722,Thuan Hoa District,BATTERY,48V 200Ah LiFePO4 (10 kWh) rack,6.67,88163,3.6,129048.22586360007,0.3104610042756743
BASE_8,POWER_0124,BTS_05326,16.5743603,107.508071,Quang Dien District,BATTERY,48V 200Ah LiFePO4 (10 kWh) rack,6.67,88163,3.6,114366.71479272576,0.1933990221438868
BASE_8,POWER_0134,BTS_03614,16.5743603,107.508071,Quang Dien District,BATTERY,48V 200Ah LiFePO4 (10 kWh) rack,6.67,88163,3.6,121964.11764422011,0.2561601761344923
BASE_7,POWER_0011,BTS_06211,16.4401105,107.7120704,Phu Vang District,BATTERY,48V 200Ah LiFePO4 (10 kWh) rack,6.67,88163,3.6,111825.4355917673,0.1783218355156841
BASE_7,POWER_0135,BTS_00851,16.4401105,107.7120704,Phu Vang District,BATTERY,48V 200Ah LiFePO4 (10 kWh) rack,6.67,88163,3.6,110560.748241541238,0.1531068776761105
BASE_8,POWER_0141,BTS_03393,16.5743603,107.508071,Quang Dien District,BATTERY,48V 200Ah LiFePO4 (10 kWh) rack,6.67,88163,3.6,128039.41172821721,0.3063473881327291
BASE_8,POWER_0136,BTS_06413,16.5743603,107.508071,Quang Dien District,BATTERY,48V 200Ah LiFePO4 (10 kWh) rack,6.67,88163,3.6,110020.29417887955,0.0991783098455685
BASE_9,POWER_0150,BTS_06472,16.2726766,107.2307293,A Luoi District,GENSET,KPS KP14000Q-3D-10KW,24.0,1680000,84.0,1710098.02607757976,0.0807358435447624
